<assembly xmlns="http://maven.apache.org/ASSEMBLY/2.0.0"
          xmlns:xsi="http://www.w3.org/2001/XMLSchema-instance"
          xsi:schemaLocation="http://maven.apache.org/ASSEMBLY/2.0.0 http://maven.apache.org/xsd/assembly-2.0.0.xsd">

  <id>demo</id>

  <formats>
    <format>tar.gz</format>
    <format>zip</format>
  </formats>

  <includeBaseDirectory>false</includeBaseDirectory>

  <componentDescriptors>
    <componentDescriptor>assembly-base-component.xml</componentDescriptor>
  </componentDescriptors>

  <fileSets>
    <fileSet>
      <directory>${project.build.directory}/elasticsearch-${elasticsearch.demo.version}</directory>
      <outputDirectory>elasticsearch/elasticsearch-${elasticsearch.demo.version}</outputDirectory>
    </fileSet>

    <fileSet>
      <directory>src/config/</directory>
      <excludes>
        <exclude>${exclude.from.config}</exclude>
        <exclude>environment-logback.xml</exclude>
        <!-- this will be included in files section -->
        <exclude>environment-logback-demo.xml</exclude>
        <exclude>environment-config.yaml</exclude>
        <exclude>environment-config-demo.yaml</exclude>
      </excludes>
      <outputDirectory>config/</outputDirectory>
    </fileSet>
  </fileSets>

  <files>
    <!-- root directory -->
    <file>
      <source>src/optimize-demo.sh</source>
      <filtered>true</filtered>
      <outputDirectory></outputDirectory>
      <fileMode>0755</fileMode>
    </file>
    <file>
      <source>src/optimize-demo.bat</source>
      <filtered>true</filtered>
      <outputDirectory></outputDirectory>
    </file>
    <file>
      <source>src/elasticsearch-startup.bat</source>
      <filtered>true</filtered>
      <outputDirectory></outputDirectory>
    </file>
    <file>
      <source>src/elasticsearch-startup.sh</source>
      <filtered>true</filtered>
      <outputDirectory></outputDirectory>
    </file>
    <file>
      <source>src/curl.exe</source>
      <outputDirectory></outputDirectory>
    </file>

    <!-- logback configuration -->
    <file>
      <source>src/config/environment-logback-demo.xml</source>
      <outputDirectory>config</outputDirectory>
      <destName>environment-logback.xml</destName>
    </file>

    <!-- environment configuration -->
    <file>
      <source>src/config/environment-config-demo.yaml</source>
      <outputDirectory>config</outputDirectory>
      <destName>environment-config.yaml</destName>
    </file>

    <!-- elastic config -->
    <file>
      <source>src/elastic/config/elasticsearch.yml</source>
      <outputDirectory>elasticsearch/elasticsearch-${elasticsearch.demo.version}/config</outputDirectory>
    </file>
  </files>

</assembly>
