{
  "__inputs": [
    {
      "name": "DS_PROMETHEUS",
      "label": "Prometheus",
      "description": "",
      "type": "datasource",
      "pluginId": "prometheus",
      "pluginName": "Prometheus"
    }
  ],
  "__elements": {},
  "__requires": [
    {
      "type": "grafana",
      "id": "grafana",
      "name": "Grafana",
      "version": "10.1.5"
    },
    {
      "type": "panel",
      "id": "graph",
      "name": "Graph (old)",
      "version": ""
    },
    {
      "type": "datasource",
      "id": "prometheus",
      "name": "Prometheus",
      "version": "1.0.0"
    },
    {
      "type": "panel",
      "id": "timeseries",
      "name": "Time series",
      "version": ""
    }
  ],
  "annotations": {
    "list": [
      {
        "$$hashKey": "object:216",
        "builtIn": 1,
        "datasource": {
          "type": "datasource",
          "uid": "grafana"
        },
        "enable": true,
        "hide": true,
        "iconColor": "rgba(0, 211, 255, 1)",
        "name": "Annotations & Alerts",
        "type": "dashboard"
      }
    ]
  },
  "editable": true,
  "fiscalYearStartMonth": 0,
  "graphTooltip": 0,
  "id": null,
  "links": [],
  "liveNow": false,
  "panels": [
    {
      "collapsed": true,
      "gridPos": {
        "h": 1,
        "w": 24,
        "x": 0,
        "y": 0
      },
      "id": 13,
      "panels": [
        {
          "aliasColors": {},
          "bars": false,
          "dashLength": 10,
          "dashes": false,
          "datasource": {
            "type": "prometheus",
            "uid": "${DS_PROMETHEUS}"
          },
          "fieldConfig": {
            "defaults": {
              "links": []
            },
            "overrides": []
          },
          "fill": 1,
          "fillGradient": 0,
          "gridPos": {
            "h": 9,
            "w": 12,
            "x": 0,
            "y": 25
          },
          "hiddenSeries": false,
          "id": 9,
          "legend": {
            "avg": false,
            "current": false,
            "max": false,
            "min": false,
            "show": true,
            "total": false,
            "values": false
          },
          "lines": true,
          "linewidth": 1,
          "links": [],
          "nullPointMode": "null",
          "options": {
            "alertThreshold": true
          },
          "percentage": false,
          "pluginVersion": "10.1.5",
          "pointradius": 2,
          "points": false,
          "renderer": "flot",
          "seriesOverrides": [],
          "spaceLength": 10,
          "stack": false,
          "steppedLine": false,
          "targets": [
            {
              "datasource": {
                "type": "prometheus",
                "uid": "${DS_PROMETHEUS}"
              },
              "exemplar": true,
              "expr": "avg(rate(operate_archiver_query_seconds_sum{namespace=~\"$namespace\", pod=~\"$pod\"}[10m])/rate(operate_archiver_query_seconds_count{namespace=~\"$namespace\", pod=~\"$pod\"}[10m]))",
              "format": "time_series",
              "interval": "",
              "intervalFactor": 1,
              "legendFormat": "Archiver read latency",
              "refId": "A"
            },
            {
              "datasource": {
                "type": "prometheus",
                "uid": "${DS_PROMETHEUS}"
              },
              "exemplar": true,
              "expr": "avg(rate(operate_archiver_reindex_query_seconds_sum{namespace=~\"$namespace\", pod=~\"$pod\"}[10m])/rate(operate_archiver_reindex_query_seconds_count{namespace=~\"$namespace\", pod=~\"$pod\"}[10m]))",
              "format": "time_series",
              "interval": "",
              "intervalFactor": 1,
              "legendFormat": "Archiver reindex latency",
              "refId": "B"
            },
            {
              "datasource": {
                "type": "prometheus",
                "uid": "${DS_PROMETHEUS}"
              },
              "exemplar": true,
              "expr": "avg(rate(operate_archiver_delete_query_seconds_sum{namespace=~\"$namespace\", pod=~\"$pod\"}[10m])/rate(operate_archiver_delete_query_seconds_count{namespace=~\"$namespace\", pod=~\"$pod\"}[10m]))",
              "format": "time_series",
              "interval": "",
              "intervalFactor": 1,
              "legendFormat": "Archiver delete latency",
              "refId": "C"
            }
          ],
          "thresholds": [],
          "timeRegions": [],
          "title": "Archiver latencies, 10 min average, sec",
          "tooltip": {
            "shared": true,
            "sort": 0,
            "value_type": "individual"
          },
          "type": "graph",
          "xaxis": {
            "mode": "time",
            "show": true,
            "values": []
          },
          "yaxes": [
            {
              "format": "short",
              "logBase": 1,
              "show": true
            },
            {
              "format": "short",
              "logBase": 1,
              "show": true
            }
          ],
          "yaxis": {
            "align": false
          }
        },
        {
          "aliasColors": {},
          "bars": false,
          "dashLength": 10,
          "dashes": false,
          "datasource": {
            "type": "prometheus",
            "uid": "${DS_PROMETHEUS}"
          },
          "fieldConfig": {
            "defaults": {
              "links": []
            },
            "overrides": []
          },
          "fill": 1,
          "fillGradient": 0,
          "gridPos": {
            "h": 9,
            "w": 12,
            "x": 12,
            "y": 25
          },
          "hiddenSeries": false,
          "id": 7,
          "legend": {
            "avg": false,
            "current": false,
            "max": false,
            "min": false,
            "show": true,
            "total": false,
            "values": false
          },
          "lines": true,
          "linewidth": 1,
          "links": [],
          "nullPointMode": "null",
          "options": {
            "alertThreshold": true
          },
          "percentage": false,
          "pluginVersion": "10.1.5",
          "pointradius": 5,
          "points": false,
          "renderer": "flot",
          "seriesOverrides": [],
          "spaceLength": 10,
          "stack": false,
          "steppedLine": false,
          "targets": [
            {
              "datasource": {
                "type": "prometheus",
                "uid": "${DS_PROMETHEUS}"
              },
              "exemplar": true,
              "expr": "sum(rate(operate_archived_process_instances_total{namespace=~\"$namespace\", pod=~\"$pod\"}[10m])) by (pod)",
              "format": "time_series",
              "instant": false,
              "interval": "",
              "intervalFactor": 1,
              "legendFormat": "{{pod}}: archived",
              "refId": "A"
            },
            {
              "datasource": {
                "type": "prometheus",
                "uid": "${DS_PROMETHEUS}"
              },
              "exemplar": true,
              "expr": "sum(rate(operate_events_processed_finished_process_instances_total{namespace=~\"$namespace\", pod=~\"$pod\"}[10m])) by (pod)",
              "format": "time_series",
              "interval": "",
              "intervalFactor": 1,
              "legendFormat": "{{pod}}: finished",
              "refId": "B"
            }
          ],
          "thresholds": [],
          "timeRegions": [],
          "title": "Finished instances archiving rate",
          "tooltip": {
            "shared": true,
            "sort": 0,
            "value_type": "individual"
          },
          "type": "graph",
          "xaxis": {
            "mode": "time",
            "show": true,
            "values": []
          },
          "yaxes": [
            {
              "format": "short",
              "logBase": 1,
              "show": true
            },
            {
              "format": "short",
              "logBase": 1,
              "show": true
            }
          ],
          "yaxis": {
            "align": false
          }
        }
      ],
      "title": "Archiver",
      "type": "row"
    },
    {
      "collapsed": true,
      "gridPos": {
        "h": 1,
        "w": 24,
        "x": 0,
        "y": 1
      },
      "id": 12,
      "panels": [
        {
          "datasource": {
            "type": "prometheus",
            "uid": "${DS_PROMETHEUS}"
          },
          "fieldConfig": {
            "defaults": {
              "color": {
                "mode": "palette-classic"
              },
              "custom": {
                "axisCenteredZero": false,
                "axisColorMode": "text",
                "axisLabel": "",
                "axisPlacement": "auto",
                "barAlignment": 0,
                "drawStyle": "line",
                "fillOpacity": 10,
                "gradientMode": "none",
                "hideFrom": {
                  "legend": false,
                  "tooltip": false,
                  "viz": false
                },
                "insertNulls": false,
                "lineInterpolation": "linear",
                "lineWidth": 1,
                "pointSize": 5,
                "scaleDistribution": {
                  "type": "linear"
                },
                "showPoints": "never",
                "spanNulls": false,
                "stacking": {
                  "group": "A",
                  "mode": "none"
                },
                "thresholdsStyle": {
                  "mode": "off"
                }
              },
              "links": [],
              "mappings": [],
              "thresholds": {
                "mode": "absolute",
                "steps": [
                  {
                    "color": "green",
                    "value": null
                  },
                  {
                    "color": "red",
                    "value": 80
                  }
                ]
              },
              "unit": "short"
            },
            "overrides": []
          },
          "gridPos": {
            "h": 7,
            "w": 24,
            "x": 0,
            "y": 2
          },
          "id": 4,
          "links": [],
          "options": {
            "legend": {
              "calcs": [],
              "displayMode": "list",
              "placement": "bottom",
              "showLegend": true
            },
            "tooltip": {
              "mode": "multi",
              "sort": "none"
            }
          },
          "pluginVersion": "10.1.5",
          "targets": [
            {
              "datasource": {
                "type": "prometheus",
                "uid": "${DS_PROMETHEUS}"
              },
              "editorMode": "code",
              "exemplar": true,
              "expr": "sum(rate(operate_events_processed_total{namespace=~\"$namespace\", pod=~\"$pod\", partition=~\"$partition\"}[$__rate_interval])) by (status)",
              "format": "time_series",
              "instant": false,
              "interval": "",
              "intervalFactor": 1,
              "legendFormat": "imported",
              "refId": "A"
            },
            {
              "datasource": {
                "type": "prometheus",
                "uid": "${DS_PROMETHEUS}"
              },
              "editorMode": "code",
              "exemplar": true,
              "expr": "sum(rate(zeebe_exporter_events_total{namespace=~\"$namespace\", action=~\"exported\",partition=~\"$partition\", valueType!~\"MESSAGE_SUBSCRIPTION|MESSAGE|JOB_BATCH\"}[$__rate_interval]))",
              "format": "time_series",
              "interval": "",
              "intervalFactor": 1,
              "legendFormat": "exported",
              "range": true,
              "refId": "B"
            }
          ],
          "title": "Throughput Exported and Imported records (avg)",
          "type": "timeseries"
        },
        {
          "datasource": {
            "type": "prometheus",
            "uid": "$DS_PROMETHEUS"
          },
          "description": "Shows the time (latency) between writing the command to the dispatcher, processing, exporting, and then importing the record.",
          "fieldConfig": {
            "defaults": {
              "color": {
                "mode": "palette-classic"
              },
              "custom": {
                "axisCenteredZero": false,
                "axisColorMode": "text",
                "axisLabel": "",
                "axisPlacement": "auto",
                "barAlignment": 0,
                "drawStyle": "line",
                "fillOpacity": 0,
                "gradientMode": "none",
                "hideFrom": {
                  "legend": false,
                  "tooltip": false,
                  "viz": false
                },
                "insertNulls": false,
                "lineInterpolation": "linear",
                "lineWidth": 1,
                "pointSize": 5,
                "scaleDistribution": {
                  "type": "linear"
                },
                "showPoints": "auto",
                "spanNulls": false,
                "stacking": {
                  "group": "A",
                  "mode": "none"
                },
                "thresholdsStyle": {
                  "mode": "off"
                }
              },
              "mappings": [],
              "thresholds": {
                "mode": "absolute",
                "steps": [
                  {
                    "color": "green",
                    "value": null
                  },
                  {
                    "color": "red",
                    "value": 80
                  }
                ]
              },
              "unit": "s"
            },
            "overrides": []
          },
          "gridPos": {
            "h": 5,
            "w": 24,
            "x": 0,
            "y": 9
          },
          "id": 17,
          "options": {
            "legend": {
              "calcs": [],
              "displayMode": "list",
              "placement": "bottom",
              "showLegend": true
            },
            "tooltip": {
              "mode": "single",
              "sort": "none"
            }
          },
          "pluginVersion": "10.1.5",
          "targets": [
            {
              "datasource": {
                "uid": "$DS_PROMETHEUS"
              },
              "editorMode": "code",
              "expr": "sum(rate(operate_import_time_seconds_sum{namespace=~\"$namespace\", partition=~\"$partition\", pod=~\"$pod\"}[$__rate_interval])) / sum(rate(operate_import_time_seconds_count{namespace=~\"$namespace\", partition=~\"$partition\", pod=~\"$pod\"}[$__rate_interval]))",
              "format": "heatmap",
              "interval": "30s",
              "intervalFactor": 1,
              "legendFormat": "Import latency",
              "range": true,
              "refId": "A"
            },
            {
              "datasource": {
                "type": "prometheus",
                "uid": "$DS_PROMETHEUS"
              },
              "editorMode": "code",
              "expr": "sum(rate(zeebe_stream_processor_latency_sum{namespace=~\"$namespace\",partition=~\"$partition\"}[$__rate_interval])) / sum(rate(zeebe_stream_processor_latency_count{namespace=~\"$namespace\",partition=~\"$partition\"}[$__rate_interval]))",
              "hide": false,
              "instant": false,
              "legendFormat": "Processing latency",
              "range": true,
              "refId": "B"
            },
            {
              "datasource": {
                "type": "prometheus",
                "uid": "$DS_PROMETHEUS"
              },
              "editorMode": "code",
              "expr": "sum(rate(zeebe_exporting_latency_sum{namespace=~\"$namespace\", partition=~\"$partition\"}[$__rate_interval])) / sum(rate(zeebe_exporting_latency_count{namespace=~\"$namespace\", partition=~\"$partition\"}[$__rate_interval]))",
              "hide": false,
              "instant": false,
              "legendFormat": "Exporting latency",
              "range": true,
              "refId": "C"
            }
          ],
          "title": "Latency (avg)",
          "type": "timeseries"
        },
        {
          "datasource": {
            "type": "prometheus",
            "uid": "${DS_PROMETHEUS}"
          },
          "description": "The time it takes for the importer to read an record on average from ES",
          "fieldConfig": {
            "defaults": {
              "color": {
                "mode": "palette-classic"
              },
              "custom": {
                "axisCenteredZero": false,
                "axisColorMode": "text",
                "axisLabel": "",
                "axisPlacement": "auto",
                "barAlignment": 0,
                "drawStyle": "line",
                "fillOpacity": 0,
                "gradientMode": "none",
                "hideFrom": {
                  "legend": false,
                  "tooltip": false,
                  "viz": false
                },
                "insertNulls": false,
                "lineInterpolation": "linear",
                "lineWidth": 1,
                "pointSize": 5,
                "scaleDistribution": {
                  "type": "linear"
                },
                "showPoints": "auto",
                "spanNulls": false,
                "stacking": {
                  "group": "A",
                  "mode": "none"
                },
                "thresholdsStyle": {
                  "mode": "off"
                }
              },
              "mappings": [],
              "thresholds": {
                "mode": "absolute",
                "steps": [
                  {
                    "color": "green",
                    "value": null
                  },
                  {
                    "color": "red",
                    "value": 80
                  }
                ]
              },
              "unit": "s"
            },
            "overrides": []
          },
          "gridPos": {
            "h": 8,
            "w": 8,
            "x": 0,
            "y": 14
          },
          "id": 14,
          "options": {
            "legend": {
              "calcs": [
                "lastNotNull",
                "max",
                "mean",
                "min"
              ],
              "displayMode": "table",
              "placement": "bottom",
              "showLegend": true,
              "sortBy": "Max",
              "sortDesc": true
            },
            "tooltip": {
              "mode": "single",
              "sort": "none"
            }
          },
          "targets": [
            {
              "datasource": {
                "type": "prometheus",
                "uid": "${DS_PROMETHEUS}"
              },
              "editorMode": "code",
              "expr": "sum(rate(operate_import_query_seconds_sum{namespace=\"$namespace\"}[$__rate_interval])) by (type) / sum(rate(operate_import_query_seconds_count{namespace=\"$namespace\"}[$__rate_interval])) by (type)",
              "hide": false,
              "instant": false,
              "legendFormat": "{{type}}",
              "range": true,
              "refId": "B"
            }
          ],
          "title": "Importing: read duration",
          "type": "timeseries"
        },
        {
          "datasource": {
            "type": "prometheus",
            "uid": "${DS_PROMETHEUS}"
          },
          "description": "Time the import writer thread needs on average to process an ImportBatch (containing several Zeebe records).",
          "fieldConfig": {
            "defaults": {
              "color": {
                "mode": "palette-classic"
              },
              "custom": {
                "axisCenteredZero": false,
                "axisColorMode": "text",
                "axisLabel": "",
                "axisPlacement": "auto",
                "barAlignment": 0,
                "drawStyle": "line",
                "fillOpacity": 0,
                "gradientMode": "none",
                "hideFrom": {
                  "legend": false,
                  "tooltip": false,
                  "viz": false
                },
                "insertNulls": false,
                "lineInterpolation": "linear",
                "lineWidth": 1,
                "pointSize": 5,
                "scaleDistribution": {
                  "type": "linear"
                },
                "showPoints": "auto",
                "spanNulls": false,
                "stacking": {
                  "group": "A",
                  "mode": "none"
                },
                "thresholdsStyle": {
                  "mode": "off"
                }
              },
              "mappings": [],
              "thresholds": {
                "mode": "absolute",
                "steps": [
                  {
                    "color": "green",
                    "value": null
                  },
                  {
                    "color": "red",
                    "value": 80
                  }
                ]
              },
              "unit": "s"
            },
            "overrides": []
          },
          "gridPos": {
            "h": 8,
            "w": 8,
            "x": 8,
            "y": 14
          },
          "id": 15,
          "options": {
            "legend": {
              "calcs": [
                "lastNotNull",
                "max",
                "mean",
                "min"
              ],
              "displayMode": "table",
              "placement": "bottom",
              "showLegend": true,
              "sortBy": "Max",
              "sortDesc": true
            },
            "tooltip": {
              "mode": "single",
              "sort": "none"
            }
          },
          "targets": [
            {
              "datasource": {
                "type": "prometheus",
                "uid": "${DS_PROMETHEUS}"
              },
              "editorMode": "code",
              "expr": "sum(rate(operate_import_processing_duration_seconds_sum{namespace=\"$namespace\"}[$__rate_interval])) by (type) / sum(rate(operate_import_processing_duration_seconds_count{namespace=\"$namespace\"}[$__rate_interval])) by (type)",
              "hide": false,
              "instant": false,
              "legendFormat": "{{type}}",
              "range": true,
              "refId": "A"
            }
          ],
          "title": "Import processing duration (AVG)",
          "type": "timeseries"
        },
        {
          "datasource": {
            "type": "prometheus",
            "uid": "${DS_PROMETHEUS}"
          },
          "description": "The time it takes to write the bulk requests (during importing) to ES on average.",
          "fieldConfig": {
            "defaults": {
              "color": {
                "mode": "palette-classic"
              },
              "custom": {
                "axisCenteredZero": false,
                "axisColorMode": "text",
                "axisLabel": "",
                "axisPlacement": "auto",
                "barAlignment": 0,
                "drawStyle": "line",
                "fillOpacity": 0,
                "gradientMode": "none",
                "hideFrom": {
                  "legend": false,
                  "tooltip": false,
                  "viz": false
                },
                "insertNulls": false,
                "lineInterpolation": "linear",
                "lineWidth": 1,
                "pointSize": 5,
                "scaleDistribution": {
                  "type": "linear"
                },
                "showPoints": "auto",
                "spanNulls": false,
                "stacking": {
                  "group": "A",
                  "mode": "none"
                },
                "thresholdsStyle": {
                  "mode": "off"
                }
              },
              "mappings": [],
              "thresholds": {
                "mode": "absolute",
                "steps": [
                  {
                    "color": "green",
                    "value": null
                  },
                  {
                    "color": "red",
                    "value": 80
                  }
                ]
              },
              "unit": "s"
            },
            "overrides": []
          },
          "gridPos": {
            "h": 8,
            "w": 8,
            "x": 16,
            "y": 14
          },
          "id": 16,
          "options": {
            "legend": {
              "calcs": [
                "lastNotNull",
                "max",
                "mean",
                "min"
              ],
              "displayMode": "table",
              "placement": "bottom",
              "showLegend": true
            },
            "tooltip": {
              "mode": "single",
              "sort": "none"
            }
          },
          "targets": [
            {
              "datasource": {
                "type": "prometheus",
                "uid": "${DS_PROMETHEUS}"
              },
              "editorMode": "code",
              "expr": "sum(rate(operate_import_index_query_seconds_sum{namespace=\"$namespace\"}[$__rate_interval])) by (type) / sum(rate(operate_import_index_query_seconds_count{namespace=\"$namespace\"}[$__rate_interval])) by (type)",
              "instant": false,
              "legendFormat": "{{type}}",
              "range": true,
              "refId": "A"
            }
          ],
          "title": "Importing: write duration (avg)",
          "type": "timeseries"
        },
        {
          "datasource": {
            "type": "prometheus",
            "uid": "${DS_PROMETHEUS}"
          },
          "fieldConfig": {
            "defaults": {
              "color": {
                "mode": "palette-classic"
              },
              "custom": {
                "axisCenteredZero": false,
                "axisColorMode": "text",
                "axisLabel": "",
                "axisPlacement": "auto",
                "barAlignment": 0,
                "drawStyle": "line",
                "fillOpacity": 0,
                "gradientMode": "none",
                "hideFrom": {
                  "legend": false,
                  "tooltip": false,
                  "viz": false
                },
                "insertNulls": false,
                "lineInterpolation": "linear",
                "lineWidth": 1,
                "pointSize": 5,
                "scaleDistribution": {
                  "type": "linear"
                },
                "showPoints": "auto",
                "spanNulls": false,
                "stacking": {
                  "group": "A",
                  "mode": "none"
                },
                "thresholdsStyle": {
                  "mode": "off"
                }
              },
              "mappings": [],
              "thresholds": {
                "mode": "absolute",
                "steps": [
                  {
                    "color": "green",
                    "value": null
                  },
                  {
                    "color": "red",
                    "value": 80
                  }
                ]
              }
            },
            "overrides": []
          },
          "gridPos": {
            "h": 6,
            "w": 24,
            "x": 0,
            "y": 22
          },
          "id": 18,
          "options": {
            "legend": {
              "calcs": [],
              "displayMode": "list",
              "placement": "bottom",
              "showLegend": true
            },
            "tooltip": {
              "mode": "single",
              "sort": "none"
            }
          },
          "targets": [
            {
              "datasource": {
                "type": "prometheus",
                "uid": "${DS_PROMETHEUS}"
              },
              "editorMode": "code",
              "expr": "sum(operate_import_queue_size{namespace=~\"$namespace\", pod=~\"$pod\"} ) by (type)",
              "instant": false,
              "legendFormat": "__auto",
              "range": true,
              "refId": "A"
            }
          ],
          "title": "Import queue size",
          "type": "timeseries"
        },
        {
          "datasource": {
            "type": "prometheus",
            "uid": "${DS_PROMETHEUS}"
          },
          "description": "Current tree path cache misses are caculcated based on count of requests against flownode instance index / count of FNI have been processed",
          "fieldConfig": {
            "defaults": {
              "color": {
                "mode": "palette-classic"
              },
              "custom": {
                "axisCenteredZero": false,
                "axisColorMode": "text",
                "axisLabel": "",
                "axisPlacement": "auto",
                "barAlignment": 0,
                "drawStyle": "line",
                "fillOpacity": 0,
                "gradientMode": "none",
                "hideFrom": {
                  "legend": false,
                  "tooltip": false,
                  "viz": false
                },
                "insertNulls": false,
                "lineInterpolation": "linear",
                "lineWidth": 1,
                "pointSize": 5,
                "scaleDistribution": {
                  "type": "linear"
                },
                "showPoints": "auto",
                "spanNulls": false,
                "stacking": {
                  "group": "A",
                  "mode": "none"
                },
                "thresholdsStyle": {
                  "mode": "off"
                }
              },
              "mappings": [
                {
                  "options": {
                    "match": "null",
                    "result": {
                      "color": "red",
                      "text": "0"
                    }
                  },
                  "type": "special"
                }
              ],
              "thresholds": {
                "mode": "absolute",
                "steps": [
                  {
                    "color": "red",
                    "value": null
                  },
                  {
                    "color": "#EAB839",
                    "value": 5
                  },
                  {
                    "color": "green",
                    "value": 10
                  }
                ]
              },
              "unit": "percentunit"
            },
            "overrides": []
          },
          "gridPos": {
            "h": 8,
            "w": 24,
            "x": 0,
            "y": 28
          },
          "id": 19,
          "options": {
            "legend": {
              "calcs": [],
              "displayMode": "list",
              "placement": "bottom",
              "showLegend": true
            },
            "tooltip": {
              "mode": "single",
              "sort": "none"
            }
          },
          "pluginVersion": "10.1.5",
          "targets": [
            {
              "datasource": {
                "type": "prometheus",
                "uid": "${DS_PROMETHEUS}"
              },
              "editorMode": "code",
              "expr": "sum(rate(elasticsearch_index_stats_search_query_total{namespace=~\"$namespace\", index=~\"operate-flownode-instance-8.3.1_\"}[$__rate_interval])) / sum(rate(zeebe_element_instance_events_total{namespace=~\"$namespace\", type!=\"PROCESS\"}[$__rate_interval])) ",
              "instant": false,
              "interval": "",
              "legendFormat": "Partition {{partition}} FNI per s",
              "range": true,
              "refId": "B"
            }
          ],
          "title": "Tree Path Cache misses",
          "type": "timeseries"
        }
      ],
      "title": "Import",
      "type": "row"
    },
    {
      "collapsed": true,
      "gridPos": {
        "h": 1,
        "w": 24,
        "x": 0,
        "y": 2
      },
      "id": 20,
      "panels": [
        {
          "datasource": {
            "type": "prometheus",
            "uid": "$DS_PROMETHEUS"
          },
          "description": "",
          "fieldConfig": {
            "defaults": {
              "color": {
                "mode": "palette-classic"
              },
              "custom": {
                "axisCenteredZero": false,
                "axisColorMode": "text",
                "axisLabel": "",
                "axisPlacement": "auto",
                "barAlignment": 0,
                "drawStyle": "line",
                "fillOpacity": 0,
                "gradientMode": "none",
                "hideFrom": {
                  "legend": false,
                  "tooltip": false,
                  "viz": false
                },
                "insertNulls": false,
                "lineInterpolation": "linear",
                "lineWidth": 1,
                "pointSize": 5,
                "scaleDistribution": {
                  "type": "linear"
                },
                "showPoints": "auto",
                "spanNulls": false,
                "stacking": {
                  "group": "A",
                  "mode": "none"
                },
                "thresholdsStyle": {
                  "mode": "off"
                }
              },
              "mappings": [
                {
                  "options": {
                    "match": "null",
                    "result": {
                      "text": "N/A"
                    }
                  },
                  "type": "special"
                }
              ],
              "thresholds": {
                "mode": "absolute",
                "steps": [
                  {
                    "color": "green",
                    "value": null
                  },
                  {
                    "color": "red",
                    "value": 80
                  }
                ]
              },
              "unit": "s"
            },
            "overrides": []
          },
          "gridPos": {
            "h": 8,
            "w": 24,
            "x": 0,
            "y": 3
          },
          "id": 23,
          "maxDataPoints": 100,
          "options": {
            "legend": {
              "calcs": [
                "lastNotNull",
                "max",
                "mean",
                "min"
              ],
              "displayMode": "table",
              "placement": "right",
              "showLegend": true
            },
            "tooltip": {
              "mode": "single",
              "sort": "none"
            }
          },
          "pluginVersion": "10.1.5",
          "targets": [
            {
              "datasource": {
                "uid": "$DS_PROMETHEUS"
              },
              "editorMode": "code",
              "expr": "histogram_quantile(0.5, sum(increase(operate_import_fni_tree_path_cache_access_seconds_bucket{namespace=~\"$namespace\", pod=~\"$pod\", partition=~\"$partition\"}[$__rate_interval])) by (le))",
              "format": "time_series",
              "interval": "",
              "intervalFactor": 1,
              "legendFormat": "p50 (avg)",
              "range": true,
              "refId": "A"
            },
            {
              "datasource": {
                "type": "prometheus",
                "uid": "$DS_PROMETHEUS"
              },
              "editorMode": "code",
              "expr": "histogram_quantile(0.99, sum(increase(operate_import_fni_tree_path_cache_access_seconds_bucket{namespace=~\"$namespace\", pod=~\"$pod\", partition=~\"$partition\"}[$__rate_interval])) by (le))",
              "hide": false,
              "instant": false,
              "legendFormat": "p99",
              "range": true,
              "refId": "B"
            },
            {
              "datasource": {
                "type": "prometheus",
                "uid": "$DS_PROMETHEUS"
              },
              "editorMode": "code",
              "expr": "histogram_quantile(0.90, sum(increase(operate_import_fni_tree_path_cache_access_seconds_bucket{namespace=~\"$namespace\", pod=~\"$pod\", partition=~\"$partition\"}[$__rate_interval])) by (le))",
              "hide": false,
              "instant": false,
              "legendFormat": "p90",
              "range": true,
              "refId": "C"
            }
          ],
          "title": "Cache access duration",
          "type": "timeseries"
        },
        {
          "datasource": {
            "type": "prometheus",
            "uid": "${DS_PROMETHEUS}"
          },
          "fieldConfig": {
            "defaults": {
              "color": {
                "mode": "palette-classic"
              },
              "custom": {
                "axisCenteredZero": false,
                "axisColorMode": "text",
                "axisLabel": "",
                "axisPlacement": "auto",
                "barAlignment": 0,
                "drawStyle": "line",
                "fillOpacity": 0,
                "gradientMode": "none",
                "hideFrom": {
                  "legend": false,
                  "tooltip": false,
                  "viz": false
                },
                "insertNulls": false,
                "lineInterpolation": "linear",
                "lineWidth": 1,
                "pointSize": 5,
                "scaleDistribution": {
                  "type": "linear"
                },
                "showPoints": "auto",
                "spanNulls": false,
                "stacking": {
                  "group": "A",
                  "mode": "none"
                },
                "thresholdsStyle": {
                  "mode": "off"
                }
              },
              "mappings": [],
              "thresholds": {
                "mode": "absolute",
                "steps": [
                  {
                    "color": "green",
                    "value": null
                  },
                  {
                    "color": "red",
                    "value": 80
                  }
                ]
              }
            },
            "overrides": []
          },
          "gridPos": {
            "h": 9,
            "w": 12,
            "x": 0,
            "y": 11
          },
          "id": 22,
          "options": {
            "legend": {
              "calcs": [
                "lastNotNull",
                "max",
                "min"
              ],
              "displayMode": "table",
              "placement": "bottom",
              "showLegend": true
            },
            "tooltip": {
              "mode": "single",
              "sort": "none"
            }
          },
          "targets": [
            {
              "datasource": {
                "type": "prometheus",
                "uid": "${DS_PROMETHEUS}"
              },
              "editorMode": "code",
              "expr": "operate_import_fni_tree_path_cache_size{namespace=~\"$namespace\", pod=~\"$pod\", partition=~\"$partition\"}",
              "instant": false,
              "legendFormat": "{{partition}}",
              "range": true,
              "refId": "A"
            }
          ],
          "title": "Cached treePaths per partition",
          "type": "timeseries"
        },
        {
          "datasource": {
            "type": "prometheus",
            "uid": "${DS_PROMETHEUS}"
          },
          "fieldConfig": {
            "defaults": {
              "color": {
                "mode": "palette-classic"
              },
              "custom": {
                "axisCenteredZero": false,
                "axisColorMode": "text",
                "axisLabel": "",
                "axisPlacement": "auto",
                "barAlignment": 0,
                "drawStyle": "line",
                "fillOpacity": 0,
                "gradientMode": "none",
                "hideFrom": {
                  "legend": false,
                  "tooltip": false,
                  "viz": false
                },
                "insertNulls": false,
                "lineInterpolation": "linear",
                "lineWidth": 1,
                "pointSize": 5,
                "scaleDistribution": {
                  "type": "linear"
                },
                "showPoints": "auto",
                "spanNulls": false,
                "stacking": {
                  "group": "A",
                  "mode": "none"
                },
                "thresholdsStyle": {
                  "mode": "off"
                }
              },
              "mappings": [],
              "thresholds": {
                "mode": "absolute",
                "steps": [
                  {
                    "color": "green",
                    "value": null
                  },
                  {
                    "color": "red",
                    "value": 80
                  }
                ]
              },
              "unit": "percentunit"
            },
            "overrides": []
          },
          "gridPos": {
            "h": 9,
            "w": 12,
            "x": 12,
            "y": 11
          },
          "id": 21,
          "options": {
            "legend": {
              "calcs": [
                "lastNotNull",
                "max",
                "min"
              ],
              "displayMode": "table",
              "placement": "bottom",
              "showLegend": true
            },
            "tooltip": {
              "mode": "single",
              "sort": "none"
            }
          },
          "targets": [
            {
              "datasource": {
                "type": "prometheus",
                "uid": "${DS_PROMETHEUS}"
              },
              "editorMode": "code",
              "expr": "sum(rate(operate_import_fni_tree_path_cache_result_total{cache_result=\"MISS\", namespace=~\"$namespace\", pod=~\"$pod\", partition=~\"$partition\"}[$__rate_interval]))\n/ sum(rate(operate_import_fni_tree_path_cache_result_total{namespace=~\"$namespace\", pod=~\"$pod\", partition=~\"$partition\"}[$__rate_interval])) ",
              "instant": false,
              "legendFormat": "Cache misses",
              "range": true,
              "refId": "A"
            }
          ],
          "title": "Cache Metric: Cache misses",
          "type": "timeseries"
        }
      ],
      "title": "Import - TreePath Cache",
      "type": "row"
    }
  ],
  "refresh": "10s",
  "schemaVersion": 38,
  "style": "dark",
  "tags": [],
  "templating": {
    "list": [
      {
        "current": {
          "selected": false,
          "text": "default",
          "value": "default"
        },
        "hide": 0,
        "includeAll": false,
        "label": "datasource",
        "multi": false,
        "name": "DS_PROMETHEUS",
        "options": [],
        "query": "prometheus",
        "queryValue": "",
        "refresh": 1,
        "regex": "",
        "skipUrlSync": false,
        "type": "datasource"
      },
      {
        "current": {},
        "datasource": {
          "type": "prometheus",
          "uid": "${DS_PROMETHEUS}"
        },
        "definition": "label_values(operate_events_processed_total, namespace)",
        "hide": 0,
        "includeAll": true,
        "multi": false,
        "name": "namespace",
        "options": [],
        "query": {
          "query": "label_values(operate_events_processed_total, namespace)",
          "refId": "StandardVariableQuery"
        },
        "refresh": 1,
        "regex": "",
        "skipUrlSync": false,
        "sort": 1,
        "tagValuesQuery": "",
        "tagsQuery": "",
        "type": "query",
        "useTags": false
      },
      {
        "current": {},
        "datasource": {
          "type": "prometheus",
          "uid": "${DS_PROMETHEUS}"
        },
        "definition": "label_values(operate_events_processed_total{namespace=~\"$namespace\"}, pod)",
        "hide": 0,
        "includeAll": true,
        "multi": true,
        "name": "pod",
        "options": [],
        "query": {
          "query": "label_values(operate_events_processed_total{namespace=~\"$namespace\"}, pod)",
          "refId": "StandardVariableQuery"
        },
        "refresh": 1,
        "regex": "",
        "skipUrlSync": false,
        "sort": 1,
        "tagValuesQuery": "",
        "tagsQuery": "",
        "type": "query",
        "useTags": false
      },
      {
        "current": {},
        "datasource": {
          "type": "prometheus",
          "uid": "${DS_PROMETHEUS}"
        },
        "definition": "label_values(operate_events_processed_total{namespace=~\"$namespace\", pod=~\"$pod\"}, partition)",
        "hide": 0,
        "includeAll": true,
        "multi": true,
        "name": "partition",
        "options": [],
        "query": {
          "query": "label_values(operate_events_processed_total{namespace=~\"$namespace\", pod=~\"$pod\"}, partition)",
          "refId": "StandardVariableQuery"
        },
        "refresh": 1,
        "regex": "",
        "skipUrlSync": false,
        "sort": 1,
        "tagValuesQuery": "",
        "tagsQuery": "",
        "type": "query",
        "useTags": false
      }
    ]
  },
  "time": {
    "from": "now-15m",
    "to": "now"
  },
  "timepicker": {
    "refresh_intervals": [
      "5s",
      "10s",
      "30s",
      "1m",
      "5m",
      "15m",
      "30m",
      "1h",
      "2h",
      "1d"
    ],
    "time_options": [
      "5m",
      "15m",
      "1h",
      "6h",
      "12h",
      "24h",
      "2d",
      "7d",
      "30d"
    ]
  },
  "timezone": "",
  "title": "Operate",
  "uid": "6MTxqUDWk",
  "version": 1,
  "weekStart": ""
}