{
  "annotations": {
    "list": [
      {
        "$$hashKey": "object:1443",
        "builtIn": 1,
        "datasource": "-- Grafana --",
        "enable": true,
        "hide": true,
        "iconColor": "rgba(0, 211, 255, 1)",
        "name": "Annotations & Alerts",
        "type": "dashboard"
      }
    ]
  },
  "editable": true,
  "gnetId": null,
  "graphTooltip": 0,
  "iteration": 1627654068518,
  "links": [],
  "panels": [
    {
      "aliasColors": {},
      "bars": false,
      "dashLength": 10,
      "dashes": false,
      "datasource": null,
      "fieldConfig": {
        "defaults": {
          "links": []
        },
        "overrides": []
      },
      "fill": 1,
      "fillGradient": 0,
      "gridPos": {
        "h": 9,
        "w": 12,
        "x": 0,
        "y": 0
      },
      "hiddenSeries": false,
      "id": 4,
      "legend": {
        "avg": false,
        "current": false,
        "max": false,
        "min": false,
        "show": true,
        "total": false,
        "values": false
      },
      "lines": true,
      "linewidth": 1,
      "links": [],
      "nullPointMode": "null",
      "options": {
        "alertThreshold": true
      },
      "percentage": false,
      "pluginVersion": "7.5.7",
      "pointradius": 5,
      "points": false,
      "renderer": "flot",
      "seriesOverrides": [],
      "spaceLength": 10,
      "stack": false,
      "steppedLine": false,
      "targets": [
        {
          "exemplar": true,
          "expr": "sum(rate(tasklist_events_processed_total{namespace=~\"$namespace\",pod=~\"$pod\", partition=~\"$partition\"}[10m])) by (status)",
          "format": "time_series",
          "instant": false,
          "interval": "",
          "intervalFactor": 1,
          "legendFormat": "processed ({{status}})",
          "refId": "A"
        },
        {
          "exemplar": true,
          "expr": "sum(rate(zeebe_exporter_events_total{namespace=~\"$namespace\", valueType=~\"JOB|PROCESS_INSTANCE|VARIABLE|VARIABLE_DOCUMENT|DEPLOYMENT\",action=~\"exported\",partition=~\"$partition\"}[10m]))",
          "format": "time_series",
          "interval": "",
          "intervalFactor": 1,
          "legendFormat": "exported",
          "refId": "B"
        }
      ],
      "thresholds": [],
      "timeFrom": null,
      "timeRegions": [],
      "timeShift": null,
      "title": "Exported and processed Zeebe records rate per second",
      "tooltip": {
        "shared": true,
        "sort": 0,
        "value_type": "individual"
      },
      "type": "graph",
      "xaxis": {
        "buckets": null,
        "mode": "time",
        "name": null,
        "show": true,
        "values": []
      },
      "yaxes": [
        {
          "format": "short",
          "label": null,
          "logBase": 1,
          "max": null,
          "min": null,
          "show": true
        },
        {
          "format": "short",
          "label": null,
          "logBase": 1,
          "max": null,
          "min": null,
          "show": true
        }
      ],
      "yaxis": {
        "align": false,
        "alignLevel": null
      }
    },
    {
      "aliasColors": {},
      "bars": false,
      "dashLength": 10,
      "dashes": false,
      "datasource": null,
      "fieldConfig": {
        "defaults": {
          "links": []
        },
        "overrides": []
      },
      "fill": 1,
      "fillGradient": 0,
      "gridPos": {
        "h": 9,
        "w": 12,
        "x": 12,
        "y": 0
      },
      "hiddenSeries": false,
      "id": 10,
      "legend": {
        "avg": false,
        "current": false,
        "max": false,
        "min": false,
        "show": true,
        "total": false,
        "values": false
      },
      "lines": true,
      "linewidth": 1,
      "links": [],
      "nullPointMode": "null",
      "options": {
        "alertThreshold": true
      },
      "percentage": false,
      "pluginVersion": "7.5.7",
      "pointradius": 2,
      "points": false,
      "renderer": "flot",
      "seriesOverrides": [],
      "spaceLength": 10,
      "stack": false,
      "steppedLine": false,
      "targets": [
        {
          "exemplar": true,
          "expr": "avg(rate(tasklist_import_query_seconds_sum{namespace=~\"$namespace\", pod=~\"$pod\"}[10m])/rate(tasklist_import_query_seconds_count{namespace=~\"$namespace\", pod=~\"$pod\"}[10m])>0)",
          "format": "time_series",
          "interval": "",
          "intervalFactor": 1,
          "legendFormat": "Importer read latency",
          "refId": "A"
        },
        {
          "exemplar": true,
          "expr": "avg(rate(tasklist_import_index_query_seconds_sum{namespace=~\"$namespace\", pod=~\"$pod\"}[10m])/rate(tasklist_import_index_query_seconds_count{namespace=~\"$namespace\", pod=~\"$pod\"}[10m])>0)",
          "format": "time_series",
          "interval": "",
          "intervalFactor": 1,
          "legendFormat": "Importer index latency",
          "refId": "B"
        }
      ],
      "thresholds": [],
      "timeFrom": null,
      "timeRegions": [],
      "timeShift": null,
      "title": "Import latencies, 10 min average, sec",
      "tooltip": {
        "shared": true,
        "sort": 0,
        "value_type": "individual"
      },
      "type": "graph",
      "xaxis": {
        "buckets": null,
        "mode": "time",
        "name": null,
        "show": true,
        "values": []
      },
      "yaxes": [
        {
          "format": "short",
          "label": null,
          "logBase": 1,
          "max": null,
          "min": null,
          "show": true
        },
        {
          "format": "short",
          "label": null,
          "logBase": 1,
          "max": null,
          "min": null,
          "show": true
        }
      ],
      "yaxis": {
        "align": false,
        "alignLevel": null
      }
    },
    {
      "aliasColors": {},
      "bars": false,
      "dashLength": 10,
      "dashes": false,
      "datasource": null,
      "fieldConfig": {
        "defaults": {
          "links": []
        },
        "overrides": []
      },
      "fill": 1,
      "fillGradient": 0,
      "gridPos": {
        "h": 9,
        "w": 12,
        "x": 0,
        "y": 9
      },
      "hiddenSeries": false,
      "id": 7,
      "legend": {
        "avg": false,
        "current": false,
        "max": false,
        "min": false,
        "show": true,
        "total": false,
        "values": false
      },
      "lines": true,
      "linewidth": 1,
      "links": [],
      "nullPointMode": "null",
      "options": {
        "alertThreshold": true
      },
      "percentage": false,
      "pluginVersion": "7.5.7",
      "pointradius": 5,
      "points": false,
      "renderer": "flot",
      "seriesOverrides": [],
      "spaceLength": 10,
      "stack": false,
      "steppedLine": false,
      "targets": [
        {
          "exemplar": true,
          "expr": "sum(rate(tasklist_archived_process_instances_total{namespace=~\"$namespace\", pod=~\"$pod\"}[10m])) by (pod)",
          "format": "time_series",
          "instant": false,
          "interval": "",
          "intervalFactor": 1,
          "legendFormat": "{{pod}}: archived",
          "refId": "A"
        },
        {
          "exemplar": true,
          "expr": "sum(rate(tasklist_events_processed_finished_process_instances_total{namespace=~\"$namespace\", pod=~\"$pod\"}[10m])) by (pod)",
          "format": "time_series",
          "interval": "",
          "intervalFactor": 1,
          "legendFormat": "{{pod}}: finished",
          "refId": "B"
        }
      ],
      "thresholds": [],
      "timeFrom": null,
      "timeRegions": [],
      "timeShift": null,
      "title": "Finished instances archiving rate",
      "tooltip": {
        "shared": true,
        "sort": 0,
        "value_type": "individual"
      },
      "type": "graph",
      "xaxis": {
        "buckets": null,
        "mode": "time",
        "name": null,
        "show": true,
        "values": []
      },
      "yaxes": [
        {
          "format": "short",
          "label": null,
          "logBase": 1,
          "max": null,
          "min": null,
          "show": true
        },
        {
          "format": "short",
          "label": null,
          "logBase": 1,
          "max": null,
          "min": null,
          "show": true
        }
      ],
      "yaxis": {
        "align": false,
        "alignLevel": null
      }
    },
    {
      "aliasColors": {},
      "bars": false,
      "dashLength": 10,
      "dashes": false,
      "datasource": null,
      "fieldConfig": {
        "defaults": {
          "links": []
        },
        "overrides": []
      },
      "fill": 1,
      "fillGradient": 0,
      "gridPos": {
        "h": 9,
        "w": 12,
        "x": 12,
        "y": 9
      },
      "hiddenSeries": false,
      "id": 9,
      "legend": {
        "avg": false,
        "current": false,
        "max": false,
        "min": false,
        "show": true,
        "total": false,
        "values": false
      },
      "lines": true,
      "linewidth": 1,
      "links": [],
      "nullPointMode": "null",
      "options": {
        "alertThreshold": true
      },
      "percentage": false,
      "pluginVersion": "7.5.7",
      "pointradius": 2,
      "points": false,
      "renderer": "flot",
      "seriesOverrides": [],
      "spaceLength": 10,
      "stack": false,
      "steppedLine": false,
      "targets": [
        {
          "exemplar": true,
          "expr": "avg(rate(tasklist_archiver_query_seconds_sum{namespace=~\"$namespace\", pod=~\"$pod\"}[10m])/rate(tasklist_archiver_query_seconds_count{namespace=~\"$namespace\", pod=~\"$pod\"}[10m]))",
          "format": "time_series",
          "interval": "",
          "intervalFactor": 1,
          "legendFormat": "Archiver read latency",
          "refId": "A"
        },
        {
          "exemplar": true,
          "expr": "avg(rate(tasklist_archiver_reindex_query_seconds_sum{namespace=~\"$namespace\", pod=~\"$pod\"}[10m])/rate(tasklist_archiver_reindex_query_seconds_count{namespace=~\"$namespace\", pod=~\"$pod\"}[10m]))",
          "format": "time_series",
          "interval": "",
          "intervalFactor": 1,
          "legendFormat": "Archiver reindex latency",
          "refId": "B"
        },
        {
          "exemplar": true,
          "expr": "avg(rate(tasklist_archiver_delete_query_seconds_sum{namespace=~\"$namespace\", pod=~\"$pod\"}[10m])/rate(tasklist_archiver_delete_query_seconds_count{namespace=~\"$namespace\", pod=~\"$pod\"}[10m]))",
          "format": "time_series",
          "interval": "",
          "intervalFactor": 1,
          "legendFormat": "Archiver delete latency",
          "refId": "C"
        }
      ],
      "thresholds": [],
      "timeFrom": null,
      "timeRegions": [],
      "timeShift": null,
      "title": "Archiver latencies, 10 min average, sec",
      "tooltip": {
        "shared": true,
        "sort": 0,
        "value_type": "individual"
      },
      "type": "graph",
      "xaxis": {
        "buckets": null,
        "mode": "time",
        "name": null,
        "show": true,
        "values": []
      },
      "yaxes": [
        {
          "format": "short",
          "label": null,
          "logBase": 1,
          "max": null,
          "min": null,
          "show": true
        },
        {
          "format": "short",
          "label": null,
          "logBase": 1,
          "max": null,
          "min": null,
          "show": true
        }
      ],
      "yaxis": {
        "align": false,
        "alignLevel": null
      }
    },
    {
      "aliasColors": {},
      "bars": false,
      "dashLength": 10,
      "dashes": false,
      "datasource": null,
      "fieldConfig": {
        "defaults": {
          "links": []
        },
        "overrides": []
      },
      "fill": 1,
      "fillGradient": 0,
      "gridPos": {
        "h": 9,
        "w": 12,
        "x": 0,
        "y": 18
      },
      "hiddenSeries": false,
      "id": 6,
      "legend": {
        "alignAsTable": false,
        "avg": false,
        "current": false,
        "max": false,
        "min": false,
        "show": true,
        "total": false,
        "values": false
      },
      "lines": true,
      "linewidth": 1,
      "links": [],
      "nullPointMode": "null",
      "options": {
        "alertThreshold": true
      },
      "percentage": false,
      "pluginVersion": "7.5.7",
      "pointradius": 5,
      "points": false,
      "renderer": "flot",
      "seriesOverrides": [],
      "spaceLength": 10,
      "stack": false,
      "steppedLine": false,
      "targets": [
        {
          "exemplar": true,
          "expr": "sum(rate(tasklist_events_processed_total{namespace=~\"$namespace\", pod=~\"$pod\",status=\"succeeded\",partition=~\"$partition\"}[10m])) by (type)",
          "format": "time_series",
          "interval": "",
          "intervalFactor": 1,
          "legendFormat": "{{type}} (processed)",
          "refId": "A"
        },
        {
          "exemplar": true,
          "expr": "sum(rate(zeebe_exporter_events_total{namespace=~\"$namespace\",valueType=~\"JOB|PROCESS_INSTANCE|VARIABLE|DEPLOYMENT\",action=\"exported\",partition=~\"$partition\"}[10m])) by (valueType)",
          "format": "time_series",
          "interval": "",
          "intervalFactor": 1,
          "legendFormat": "{{valueType}} (exported)",
          "refId": "B"
        }
      ],
      "thresholds": [],
      "timeFrom": null,
      "timeRegions": [],
      "timeShift": null,
      "title": "Processed event rate per event type",
      "tooltip": {
        "shared": true,
        "sort": 0,
        "value_type": "individual"
      },
      "type": "graph",
      "xaxis": {
        "buckets": null,
        "mode": "time",
        "name": null,
        "show": true,
        "values": []
      },
      "yaxes": [
        {
          "format": "short",
          "label": null,
          "logBase": 1,
          "max": null,
          "min": null,
          "show": true
        },
        {
          "format": "short",
          "label": null,
          "logBase": 1,
          "max": null,
          "min": null,
          "show": true
        }
      ],
      "yaxis": {
        "align": false,
        "alignLevel": null
      }
    },
    {
      "datasource": null,
      "fieldConfig": {
        "defaults": {
          "color": {
            "mode": "fixed"
          },
          "links": [],
          "mappings": [],
          "thresholds": {
            "mode": "absolute",
            "steps": [
              {
                "color": "green",
                "value": null
              },
              {
                "color": "red",
                "value": 80
              }
            ]
          }
        },
        "overrides": []
      },
      "gridPos": {
        "h": 9,
        "w": 12,
        "x": 12,
        "y": 18
      },
      "id": 11,
      "links": [],
      "options": {
        "colorMode": "value",
        "graphMode": "none",
        "justifyMode": "auto",
        "orientation": "auto",
        "reduceOptions": {
          "calcs": [
            "lastNotNull"
          ],
          "fields": "",
          "values": false
        },
        "text": {},
        "textMode": "auto"
      },
      "pluginVersion": "7.5.7",
      "targets": [
        {
          "exemplar": true,
          "expr": "sum(tasklist_events_processed_total{namespace=~\"$namespace\", pod=~\"$pod\",status=\"succeeded\",partition=~\"$partition\"}) by (type)",
          "format": "time_series",
          "interval": "",
          "intervalFactor": 1,
          "legendFormat": "{{type}}",
          "refId": "A"
        }
      ],
      "timeFrom": null,
      "timeShift": null,
      "title": "Number of records per type",
      "type": "stat"
    }
  ],
  "schemaVersion": 27,
  "style": "dark",
  "tags": [],
  "templating": {
    "list": [
      {
        "current": {
          "selected": false,
          "text": "Prometheus",
          "value": "Prometheus"
        },
        "description": null,
        "error": null,
        "hide": 0,
        "includeAll": false,
        "label": "datasource",
        "multi": false,
        "name": "DS_PROMETHEUS",
        "options": [],
        "query": "prometheus",
        "refresh": 1,
        "regex": "",
        "skipUrlSync": false,
        "type": "datasource"
      },
      {
        "allValue": null,
        "current": {
          "selected": true,
          "text": "All",
          "value": "$__all"
        },
        "datasource": "${DS_PROMETHEUS}",
        "definition": "label_values(tasklist_events_processed_total, namespace)",
        "description": null,
        "error": null,
        "hide": 0,
        "includeAll": true,
        "label": null,
        "multi": false,
        "name": "namespace",
        "options": [
          {
            "selected": true,
            "text": "All",
            "value": "$__all"
          },
          {
            "selected": false,
            "text": "local",
            "value": "local"
          }
        ],
        "query": {
          "query": "label_values(tasklist_events_processed_total, namespace)",
          "refId": "StandardVariableQuery"
        },
        "refresh": 0,
        "regex": "",
        "skipUrlSync": false,
        "sort": 1,
        "tagValuesQuery": "",
        "tags": [],
        "tagsQuery": "",
        "type": "query",
        "useTags": false
      },
      {
        "allValue": null,
        "current": {
          "selected": true,
          "tags": [],
          "text": [
            "All"
          ],
          "value": [
            "$__all"
          ]
        },
        "datasource": "${DS_PROMETHEUS}",
        "definition": "label_values(tasklist_events_processed_total{namespace=~\"$namespace\"}, pod)",
        "description": null,
        "error": null,
        "hide": 0,
        "includeAll": true,
        "label": null,
        "multi": true,
        "name": "pod",
        "options": [
          {
            "selected": true,
            "text": "All",
            "value": "$__all"
          },
          {
            "selected": false,
            "text": "tasklist",
            "value": "tasklist"
          }
        ],
        "query": {
          "query": "label_values(tasklist_events_processed_total{namespace=~\"$namespace\"}, pod)",
          "refId": "StandardVariableQuery"
        },
        "refresh": 0,
        "regex": "",
        "skipUrlSync": false,
        "sort": 1,
        "tagValuesQuery": "",
        "tags": [],
        "tagsQuery": "",
        "type": "query",
        "useTags": false
      },
      {
        "allValue": null,
        "current": {
          "selected": true,
          "tags": [],
          "text": [
            "All"
          ],
          "value": [
            "$__all"
          ]
        },
        "datasource": "${DS_PROMETHEUS}",
        "definition": "label_values(tasklist_events_processed_total{namespace=~\"$namespace\", pod=~\"$pod\"}, partition)",
        "description": null,
        "error": null,
        "hide": 0,
        "includeAll": true,
        "label": null,
        "multi": true,
        "name": "partition",
        "options": [
          {
            "selected": true,
            "text": "All",
            "value": "$__all"
          },
          {
            "selected": false,
            "text": "1",
            "value": "1"
          },
          {
            "selected": false,
            "text": "2",
            "value": "2"
          }
        ],
        "query": {
          "query": "label_values(tasklist_events_processed_total{namespace=~\"$namespace\", pod=~\"$pod\"}, partition)",
          "refId": "StandardVariableQuery"
        },
        "refresh": 0,
        "regex": "",
        "skipUrlSync": false,
        "sort": 1,
        "tagValuesQuery": "",
        "tags": [],
        "tagsQuery": "",
        "type": "query",
        "useTags": false
      }
    ]
  },
  "time": {
    "from": "now-1h",
    "to": "now"
  },
  "timepicker": {
    "refresh_intervals": [
      "5s",
      "10s",
      "30s",
      "1m",
      "5m",
      "15m",
      "30m",
      "1h",
      "2h",
      "1d"
    ]
  },
  "timezone": "",
  "title": "Tasklist",
  "uid": "EmS-bxjMz",
  "version": 2
}