<configuration>
  <conversionRule conversionWord="sanitize" class="io.camunda.optimize.util.LogUtil" />
  <if condition='property("JSON_LOGGING").contains("true")'>
    <then>
      <appender name="UPGRADE_JSON" class="ch.qos.logback.core.ConsoleAppender">
        <encoder class="net.logstash.logback.encoder.LogstashEncoder">
        </encoder>
      </appender>
      <appender name="RUNTIME_JSON" class="ch.qos.logback.core.ConsoleAppender">
        <encoder class="net.logstash.logback.encoder.LogstashEncoder">
        </encoder>
      </appender>
      <!-- Change the log level for the upgrade here. If provided, the environment variable will take precedence -->
      <logger name="io.camunda.optimize" level="${OPTIMIZE_LOG_LEVEL:-info}"/>
      <logger name="org.elasticsearch" level="${ES_LOG_LEVEL:-warn}"/>
      <logger name="io.camunda.optimize.upgrade" level="${UPGRADE_LOG_LEVEL:-info}" additivity="false">
        <appender-ref ref="UPGRADE_JSON"/>
      </logger>
      <root level="warn">
        <appender-ref ref="RUNTIME_JSON"/>
      </root>
    </then>
    <else>
      <appender name="UPGRADE" class="ch.qos.logback.core.ConsoleAppender">
        <encoder>
          <pattern>%d{HH:mm:ss.SSS} - %sanitize(%msg) %n</pattern>
        </encoder>
      </appender>
      <appender name="RUNTIME" class="ch.qos.logback.core.ConsoleAppender">
        <encoder>
          <pattern>%d{HH:mm:ss.SSS} [%thread] %-5level %logger{36} - %sanitize(%msg) %n</pattern>
        </encoder>
      </appender>
      <!-- Change the log level for the upgrade here. If provided, the environment variable will take precedence -->
      <logger name="io.camunda.optimize" level="${OPTIMIZE_LOG_LEVEL:-info}"/>
      <logger name="org.elasticsearch" level="${ES_LOG_LEVEL:-warn}"/>
      <logger name="io.camunda.optimize.upgrade" level="${UPGRADE_LOG_LEVEL:-info}" additivity="false">
        <appender-ref ref="UPGRADE"/>
      </logger>
      <root level="warn">
        <appender-ref ref="RUNTIME"/>
      </root>
    </else>
  </if>
</configuration>
