{
  "__inputs": [
    {
      "name": "DS_PROMETHEUS",
      "label": "Prometheus",
      "description": "",
      "type": "datasource",
      "pluginId": "prometheus",
      "pluginName": "Prometheus"
    }
  ],
  "__elements": {},
  "__requires": [
    {
      "type": "grafana",
      "id": "grafana",
      "name": "Grafana",
      "version": "10.1.5"
    },
    {
      "type": "panel",
      "id": "graph",
      "name": "Graph (old)",
      "version": ""
    },
    {
      "type": "datasource",
      "id": "prometheus",
      "name": "Prometheus",
      "version": "1.0.0"
    },
    {
      "type": "panel",
      "id": "stat",
      "name": "Stat",
      "version": ""
    },
    {
      "type": "panel",
      "id": "table",
      "name": "Table",
      "version": ""
    },
    {
      "type": "panel",
      "id": "timeseries",
      "name": "Time series",
      "version": ""
    }
  ],
  "annotations": {
    "list": [
      {
        "builtIn": 1,
        "datasource": {
          "type": "datasource",
          "uid": "grafana"
        },
        "enable": true,
        "hide": true,
        "iconColor": "rgba(0, 211, 255, 1)",
        "name": "Annotations & Alerts",
        "target": {
          "limit": 100,
          "matchAny": false,
          "tags": [],
          "type": "dashboard"
        },
        "type": "dashboard"
      }
    ]
  },
  "editable": true,
  "fiscalYearStartMonth": 0,
  "graphTooltip": 1,
  "id": null,
  "links": [],
  "liveNow": false,
  "panels": [
    {
      "collapsed": false,
      "gridPos": {
        "h": 1,
        "w": 24,
        "x": 0,
        "y": 0
      },
      "id": 282,
      "panels": [],
      "title": "Normal Benchmarks",
      "type": "row"
    },
    {
      "datasource": {
        "type": "prometheus",
        "uid": "${DS_PROMETHEUS}"
      },
      "description": "Flow node instances completed or terminated per second over all partitions.",
      "fieldConfig": {
        "defaults": {
          "color": {
            "fixedColor": "red",
            "mode": "thresholds"
          },
          "mappings": [
            {
              "options": {
                "match": "null",
                "result": {
                  "color": "red",
                  "text": "0"
                }
              },
              "type": "special"
            }
          ],
          "thresholds": {
            "mode": "absolute",
            "steps": [
              {
                "color": "red",
                "value": null
              },
              {
                "color": "green",
                "value": 290
              }
            ]
          },
          "unit": "none"
        },
        "overrides": []
      },
      "gridPos": {
        "h": 4,
        "w": 8,
        "x": 0,
        "y": 1
      },
      "id": 298,
      "links": [],
      "options": {
        "colorMode": "value",
        "graphMode": "area",
        "justifyMode": "auto",
        "orientation": "auto",
        "reduceOptions": {
          "calcs": [
            "lastNotNull"
          ],
          "fields": "",
          "values": false
        },
        "text": {
          "titleSize": 10
        },
        "textMode": "auto"
      },
      "pluginVersion": "10.1.5",
      "targets": [
        {
          "datasource": {
            "type": "prometheus",
            "uid": "${DS_PROMETHEUS}"
          },
          "editorMode": "code",
          "expr": "sum(rate(zeebe_element_instance_events_total{cluster=~\"$cluster\", namespace=~\"medic.*benchmark\", pod=~\"$pod\", type!=\"PROCESS\", action!=\"activated\"}[$__rate_interval])) by (namespace)",
          "instant": true,
          "interval": "",
          "legendFormat": "{{namespace}}",
          "refId": "B"
        }
      ],
      "title": "Overall FNI  per s",
      "type": "stat"
    },
    {
      "datasource": {
        "type": "prometheus",
        "uid": "${DS_PROMETHEUS}"
      },
      "description": "Process instances completed or terminated per second over all partitions.",
      "fieldConfig": {
        "defaults": {
          "color": {
            "fixedColor": "red",
            "mode": "thresholds"
          },
          "mappings": [
            {
              "options": {
                "match": "null",
                "result": {
                  "color": "red",
                  "text": "0"
                }
              },
              "type": "special"
            }
          ],
          "thresholds": {
            "mode": "absolute",
            "steps": [
              {
                "color": "red",
                "value": null
              },
              {
                "color": "green",
                "value": 100
              }
            ]
          },
          "unit": "none"
        },
        "overrides": []
      },
      "gridPos": {
        "h": 4,
        "w": 8,
        "x": 8,
        "y": 1
      },
      "id": 277,
      "links": [],
      "options": {
        "colorMode": "value",
        "graphMode": "area",
        "justifyMode": "auto",
        "orientation": "auto",
        "reduceOptions": {
          "calcs": [
            "lastNotNull"
          ],
          "fields": "",
          "values": false
        },
        "text": {
          "titleSize": 10
        },
        "textMode": "auto"
      },
      "pluginVersion": "10.1.5",
      "targets": [
        {
          "datasource": {
            "type": "prometheus",
            "uid": "${DS_PROMETHEUS}"
          },
          "editorMode": "code",
          "expr": "sum(rate(zeebe_element_instance_events_total{cluster=~\"$cluster\", namespace=~\"medic.*benchmark\",partition=~\"$partition\",pod=~\"$pod\", action=\"completed\", type=\"PROCESS\"}[$__rate_interval])) by (namespace)",
          "instant": true,
          "interval": "",
          "legendFormat": "{{namespace}}",
          "refId": "B"
        }
      ],
      "title": "Completed processes per s",
      "type": "stat"
    },
    {
      "datasource": {
        "type": "prometheus",
        "uid": "${DS_PROMETHEUS}"
      },
      "description": "Tasks completed or terminated per second over all partitions.",
      "fieldConfig": {
        "defaults": {
          "color": {
            "fixedColor": "red",
            "mode": "fixed"
          },
          "mappings": [
            {
              "options": {
                "match": "null",
                "result": {
                  "color": "red",
                  "text": "0"
                }
              },
              "type": "special"
            }
          ],
          "thresholds": {
            "mode": "absolute",
            "steps": [
              {
                "color": "red",
                "value": null
              }
            ]
          },
          "unit": "none"
        },
        "overrides": []
      },
      "gridPos": {
        "h": 4,
        "w": 8,
        "x": 16,
        "y": 1
      },
      "id": 275,
      "links": [],
      "options": {
        "colorMode": "none",
        "graphMode": "area",
        "justifyMode": "auto",
        "orientation": "auto",
        "reduceOptions": {
          "calcs": [
            "lastNotNull"
          ],
          "fields": "",
          "values": false
        },
        "text": {
          "titleSize": 10
        },
        "textMode": "auto"
      },
      "pluginVersion": "10.1.5",
      "targets": [
        {
          "datasource": {
            "type": "prometheus",
            "uid": "${DS_PROMETHEUS}"
          },
          "editorMode": "code",
          "expr": "sum(rate(zeebe_element_instance_events_total{cluster=~\"$cluster\", namespace=~\"medic.*benchmark\",partition=~\"$partition\",pod=~\"$pod\", action=\"completed\", type=\"SERVICE_TASK\"}[$__rate_interval])) by (namespace)",
          "instant": true,
          "interval": "",
          "legendFormat": "{{namespace}}",
          "refId": "B"
        }
      ],
      "title": "Completed tasks per s",
      "type": "stat"
    },
    {
      "collapsed": false,
      "gridPos": {
        "h": 1,
        "w": 24,
        "x": 0,
        "y": 5
      },
      "id": 280,
      "panels": [],
      "title": "Mixed Benchmarks",
      "type": "row"
    },
    {
      "datasource": {
        "type": "prometheus",
        "uid": "${DS_PROMETHEUS}"
      },
      "description": "Flow node instances completed or terminated per second over all partitions.",
      "fieldConfig": {
        "defaults": {
          "color": {
            "fixedColor": "red",
            "mode": "thresholds"
          },
          "mappings": [
            {
              "options": {
                "match": "null",
                "result": {
                  "color": "red",
                  "text": "0"
                }
              },
              "type": "special"
            }
          ],
          "thresholds": {
            "mode": "absolute",
            "steps": [
              {
                "color": "red",
                "value": null
              },
              {
                "color": "green",
                "value": 30
              }
            ]
          },
          "unit": "none"
        },
        "overrides": []
      },
      "gridPos": {
        "h": 4,
        "w": 8,
        "x": 0,
        "y": 6
      },
      "id": 274,
      "links": [],
      "options": {
        "colorMode": "value",
        "graphMode": "area",
        "justifyMode": "auto",
        "orientation": "auto",
        "reduceOptions": {
          "calcs": [
            "lastNotNull"
          ],
          "fields": "",
          "values": false
        },
        "text": {
          "titleSize": 10
        },
        "textMode": "auto"
      },
      "pluginVersion": "10.1.5",
      "targets": [
        {
          "datasource": {
            "type": "prometheus",
            "uid": "${DS_PROMETHEUS}"
          },
          "editorMode": "code",
          "expr": "sum(rate(zeebe_element_instance_events_total{cluster=~\"$cluster\", namespace=~\"(medic.*mixed|release-rolling)\", pod=~\"$pod\", type!=\"PROCESS\", action!=\"activated\"}[$__rate_interval])) by (namespace)",
          "instant": true,
          "interval": "",
          "legendFormat": "{{namespace}}",
          "refId": "B"
        }
      ],
      "title": "Overall FNI  per s",
      "type": "stat"
    },
    {
      "datasource": {
        "type": "prometheus",
        "uid": "${DS_PROMETHEUS}"
      },
      "description": "Process instances completed or terminated per second over all partitions.",
      "fieldConfig": {
        "defaults": {
          "color": {
            "fixedColor": "red",
            "mode": "thresholds"
          },
          "mappings": [
            {
              "options": {
                "match": "null",
                "result": {
                  "color": "red",
                  "text": "0"
                }
              },
              "type": "special"
            }
          ],
          "thresholds": {
            "mode": "absolute",
            "steps": [
              {
                "color": "red",
                "value": null
              },
              {
                "color": "green",
                "value": 10
              }
            ]
          },
          "unit": "none"
        },
        "overrides": []
      },
      "gridPos": {
        "h": 4,
        "w": 8,
        "x": 8,
        "y": 6
      },
      "id": 278,
      "links": [],
      "options": {
        "colorMode": "value",
        "graphMode": "area",
        "justifyMode": "auto",
        "orientation": "auto",
        "reduceOptions": {
          "calcs": [
            "lastNotNull"
          ],
          "fields": "",
          "values": false
        },
        "text": {
          "titleSize": 10
        },
        "textMode": "auto"
      },
      "pluginVersion": "10.1.5",
      "targets": [
        {
          "datasource": {
            "type": "prometheus",
            "uid": "${DS_PROMETHEUS}"
          },
          "editorMode": "code",
          "expr": "sum(rate(zeebe_element_instance_events_total{cluster=~\"$cluster\", namespace=~\"(medic.*mixed|release-rolling)\",partition=~\"$partition\",pod=~\"$pod\", action=\"completed\", type=\"PROCESS\"}[$__rate_interval])) by (namespace)",
          "instant": true,
          "interval": "",
          "legendFormat": "{{namespace}}",
          "refId": "B"
        }
      ],
      "title": "Completed processes per s",
      "type": "stat"
    },
    {
      "datasource": {
        "type": "prometheus",
        "uid": "${DS_PROMETHEUS}"
      },
      "description": "Tasks completed or terminated per second over all partitions.",
      "fieldConfig": {
        "defaults": {
          "color": {
            "fixedColor": "red",
            "mode": "fixed"
          },
          "mappings": [
            {
              "options": {
                "match": "null",
                "result": {
                  "color": "red",
                  "text": "0"
                }
              },
              "type": "special"
            }
          ],
          "thresholds": {
            "mode": "absolute",
            "steps": [
              {
                "color": "red",
                "value": null
              },
              {
                "color": "dark-green",
                "value": 5
              }
            ]
          },
          "unit": "none"
        },
        "overrides": []
      },
      "gridPos": {
        "h": 4,
        "w": 8,
        "x": 16,
        "y": 6
      },
      "id": 276,
      "links": [],
      "options": {
        "colorMode": "none",
        "graphMode": "area",
        "justifyMode": "auto",
        "orientation": "auto",
        "reduceOptions": {
          "calcs": [
            "lastNotNull"
          ],
          "fields": "",
          "values": false
        },
        "text": {
          "titleSize": 10
        },
        "textMode": "auto"
      },
      "pluginVersion": "10.1.5",
      "targets": [
        {
          "datasource": {
            "type": "prometheus",
            "uid": "${DS_PROMETHEUS}"
          },
          "editorMode": "code",
          "expr": "sum(rate(zeebe_element_instance_events_total{cluster=~\"$cluster\", namespace=~\"(medic.*mixed|release-rolling)\",partition=~\"$partition\",pod=~\"$pod\", action=\"completed\", type=\"SERVICE_TASK\"}[$__rate_interval])) by (namespace)",
          "instant": true,
          "interval": "",
          "legendFormat": "{{namespace}}",
          "refId": "B"
        }
      ],
      "title": "Completed tasks per s",
      "type": "stat"
    },
    {
      "collapsed": false,
      "gridPos": {
        "h": 1,
        "w": 24,
        "x": 0,
        "y": 10
      },
      "id": 286,
      "panels": [],
      "title": "Latency Benchmarks",
      "type": "row"
    },
    {
      "datasource": {
        "type": "prometheus",
        "uid": "${DS_PROMETHEUS}"
      },
      "fieldConfig": {
        "defaults": {
          "color": {
            "mode": "palette-classic"
          },
          "custom": {
            "axisCenteredZero": false,
            "axisColorMode": "text",
            "axisLabel": "",
            "axisPlacement": "auto",
            "barAlignment": 0,
            "drawStyle": "line",
            "fillOpacity": 0,
            "gradientMode": "none",
            "hideFrom": {
              "legend": false,
              "tooltip": false,
              "viz": false
            },
            "insertNulls": false,
            "lineInterpolation": "linear",
            "lineWidth": 1,
            "pointSize": 5,
            "scaleDistribution": {
              "type": "linear"
            },
            "showPoints": "auto",
            "spanNulls": false,
            "stacking": {
              "group": "A",
              "mode": "none"
            },
            "thresholdsStyle": {
              "mode": "off"
            }
          },
          "mappings": [],
          "thresholds": {
            "mode": "absolute",
            "steps": [
              {
                "color": "green",
                "value": null
              },
              {
                "color": "red",
                "value": 80
              }
            ]
          }
        },
        "overrides": []
      },
      "gridPos": {
        "h": 7,
        "w": 24,
        "x": 0,
        "y": 11
      },
      "id": 297,
      "options": {
        "legend": {
          "calcs": [],
          "displayMode": "list",
          "placement": "bottom",
          "showLegend": true
        },
        "tooltip": {
          "mode": "single",
          "sort": "none"
        }
      },
      "targets": [
        {
          "datasource": {
            "type": "prometheus",
            "uid": "${DS_PROMETHEUS}"
          },
          "editorMode": "code",
          "expr": "1 - kube_pod_container_status_ready{pod=~\"$pod\", cluster=~\"$cluster\", container!~\"curator|curl\", namespace=~\".*-latency\"}",
          "legendFormat": "{{pod}} restart",
          "range": true,
          "refId": "A"
        }
      ],
      "title": "Pod Restarts",
      "type": "timeseries"
    },
    {
      "datasource": {
        "type": "prometheus",
        "uid": "${DS_PROMETHEUS}"
      },
      "description": "Average process instance execution latency",
      "fieldConfig": {
        "defaults": {
          "color": {
            "fixedColor": "red",
            "mode": "thresholds"
          },
          "mappings": [
            {
              "options": {
                "match": "null",
                "result": {
                  "color": "red",
                  "text": "0"
                }
              },
              "type": "special"
            }
          ],
          "thresholds": {
            "mode": "absolute",
            "steps": [
              {
                "color": "green",
                "value": null
              },
              {
                "color": "yellow",
                "value": 0.1
              },
              {
                "color": "red",
                "value": 0.2
              }
            ]
          },
          "unit": "s"
        },
        "overrides": []
      },
      "gridPos": {
        "h": 8,
        "w": 8,
        "x": 0,
        "y": 18
      },
      "id": 232,
      "links": [],
      "options": {
        "colorMode": "value",
        "graphMode": "area",
        "justifyMode": "auto",
        "orientation": "auto",
        "reduceOptions": {
          "calcs": [
            "lastNotNull"
          ],
          "fields": "",
          "values": false
        },
        "text": {
          "titleSize": 10
        },
        "textMode": "auto"
      },
      "pluginVersion": "10.1.5",
      "targets": [
        {
          "datasource": {
            "type": "prometheus",
            "uid": "${DS_PROMETHEUS}"
          },
          "editorMode": "code",
          "expr": "histogram_quantile(0.50, sum(rate(zeebe_process_instance_execution_time_bucket{cluster=~\"$cluster\", namespace=~\"medic.*benchmark.*\",pod=~\"$pod\", partition=~\"$partition\"}[$__rate_interval])) by (le, namespace))",
          "instant": true,
          "interval": "",
          "legendFormat": "{{namespace}}",
          "refId": "B"
        }
      ],
      "title": "p50 Latency",
      "type": "stat"
    },
    {
      "datasource": {
        "type": "prometheus",
        "uid": "${DS_PROMETHEUS}"
      },
      "description": "90th percentile process instance execution latency",
      "fieldConfig": {
        "defaults": {
          "color": {
            "fixedColor": "red",
            "mode": "thresholds"
          },
          "mappings": [
            {
              "options": {
                "match": "null",
                "result": {
                  "color": "red",
                  "text": "0"
                }
              },
              "type": "special"
            }
          ],
          "thresholds": {
            "mode": "absolute",
            "steps": [
              {
                "color": "green",
                "value": null
              },
              {
                "color": "yellow",
                "value": 0.4
              },
              {
                "color": "red",
                "value": 0.6
              }
            ]
          },
          "unit": "s"
        },
        "overrides": []
      },
      "gridPos": {
        "h": 4,
        "w": 8,
        "x": 8,
        "y": 18
      },
      "id": 299,
      "links": [],
      "options": {
        "colorMode": "value",
        "graphMode": "area",
        "justifyMode": "auto",
        "orientation": "auto",
        "reduceOptions": {
          "calcs": [
            "lastNotNull"
          ],
          "fields": "",
          "values": false
        },
        "text": {
          "titleSize": 10
        },
        "textMode": "auto"
      },
      "pluginVersion": "10.1.5",
      "targets": [
        {
          "datasource": {
            "type": "prometheus",
            "uid": "${DS_PROMETHEUS}"
          },
          "editorMode": "code",
          "expr": "histogram_quantile(0.90, sum(rate(zeebe_process_instance_execution_time_bucket{cluster=~\"$cluster\", namespace=~\"medic.*benchmark\",pod=~\"$pod\", partition=~\"$partition\"}[$__rate_interval])) by (le, namespace))",
          "instant": true,
          "interval": "",
          "legendFormat": "{{namespace}}",
          "refId": "B"
        }
      ],
      "title": "Normal Benchmark p90",
      "type": "stat"
    },
    {
      "datasource": {
        "type": "prometheus",
        "uid": "${DS_PROMETHEUS}"
      },
      "description": "99th percentile process instance execution latency",
      "fieldConfig": {
        "defaults": {
          "color": {
            "fixedColor": "red",
            "mode": "thresholds"
          },
          "mappings": [
            {
              "options": {
                "match": "null",
                "result": {
                  "color": "red",
                  "text": "0"
                }
              },
              "type": "special"
            }
          ],
          "thresholds": {
            "mode": "absolute",
            "steps": [
              {
                "color": "green",
                "value": null
              },
              {
                "color": "yellow",
                "value": 0.6
              },
              {
                "color": "red",
                "value": 0.8
              }
            ]
          },
          "unit": "s"
        },
        "overrides": []
      },
      "gridPos": {
        "h": 4,
        "w": 8,
        "x": 16,
        "y": 18
      },
      "id": 300,
      "links": [],
      "options": {
        "colorMode": "value",
        "graphMode": "area",
        "justifyMode": "auto",
        "orientation": "auto",
        "reduceOptions": {
          "calcs": [
            "lastNotNull"
          ],
          "fields": "",
          "values": false
        },
        "text": {
          "titleSize": 10
        },
        "textMode": "auto"
      },
      "pluginVersion": "10.1.5",
      "targets": [
        {
          "datasource": {
            "type": "prometheus",
            "uid": "${DS_PROMETHEUS}"
          },
          "editorMode": "code",
          "expr": "histogram_quantile(0.99, sum(rate(zeebe_process_instance_execution_time_bucket{cluster=~\"$cluster\", namespace=~\"medic.*benchmark\",pod=~\"$pod\", partition=~\"$partition\"}[$__rate_interval])) by (le, namespace))",
          "instant": true,
          "interval": "",
          "legendFormat": "{{namespace}}",
          "refId": "B"
        }
      ],
      "title": "Normal benchmark p99",
      "type": "stat"
    },
    {
      "datasource": {
        "type": "prometheus",
        "uid": "${DS_PROMETHEUS}"
      },
      "description": "90th percentile process instance execution latency",
      "fieldConfig": {
        "defaults": {
          "color": {
            "fixedColor": "red",
            "mode": "thresholds"
          },
          "mappings": [
            {
              "options": {
                "match": "null",
                "result": {
                  "color": "red",
                  "text": "0"
                }
              },
              "type": "special"
            }
          ],
          "thresholds": {
            "mode": "absolute",
            "steps": [
              {
                "color": "green",
                "value": null
              },
              {
                "color": "yellow",
                "value": 0.4
              },
              {
                "color": "red",
                "value": 0.6
              }
            ]
          },
          "unit": "s"
        },
        "overrides": []
      },
      "gridPos": {
        "h": 4,
        "w": 8,
        "x": 8,
        "y": 22
      },
      "id": 305,
      "links": [],
      "options": {
        "colorMode": "value",
        "graphMode": "area",
        "justifyMode": "auto",
        "orientation": "auto",
        "reduceOptions": {
          "calcs": [
            "lastNotNull"
          ],
          "fields": "",
          "values": false
        },
        "text": {
          "titleSize": 10
        },
        "textMode": "auto"
      },
      "pluginVersion": "10.1.5",
      "targets": [
        {
          "datasource": {
            "type": "prometheus",
            "uid": "${DS_PROMETHEUS}"
          },
          "editorMode": "code",
          "expr": "histogram_quantile(0.90, sum(rate(zeebe_process_instance_execution_time_bucket{cluster=~\"$cluster\", namespace=~\"medic.*benchmark-latency\",pod=~\"$pod\", partition=~\"$partition\"}[$__rate_interval])) by (le, namespace))",
          "instant": true,
          "interval": "",
          "legendFormat": "{{namespace}}",
          "refId": "B"
        }
      ],
      "title": "Latency Benchmark p90",
      "type": "stat"
    },
    {
      "datasource": {
        "type": "prometheus",
        "uid": "${DS_PROMETHEUS}"
      },
      "description": "99th percentile process instance execution latency",
      "fieldConfig": {
        "defaults": {
          "color": {
            "fixedColor": "red",
            "mode": "thresholds"
          },
          "mappings": [
            {
              "options": {
                "match": "null",
                "result": {
                  "color": "red",
                  "text": "0"
                }
              },
              "type": "special"
            }
          ],
          "thresholds": {
            "mode": "absolute",
            "steps": [
              {
                "color": "green",
                "value": null
              },
              {
                "color": "yellow",
                "value": 0.6
              },
              {
                "color": "red",
                "value": 0.8
              }
            ]
          },
          "unit": "s"
        },
        "overrides": []
      },
      "gridPos": {
        "h": 4,
        "w": 8,
        "x": 16,
        "y": 22
      },
      "id": 306,
      "links": [],
      "options": {
        "colorMode": "value",
        "graphMode": "area",
        "justifyMode": "auto",
        "orientation": "auto",
        "reduceOptions": {
          "calcs": [
            "lastNotNull"
          ],
          "fields": "",
          "values": false
        },
        "text": {
          "titleSize": 10
        },
        "textMode": "auto"
      },
      "pluginVersion": "10.1.5",
      "targets": [
        {
          "datasource": {
            "type": "prometheus",
            "uid": "${DS_PROMETHEUS}"
          },
          "editorMode": "code",
          "expr": "histogram_quantile(0.99, sum(rate(zeebe_process_instance_execution_time_bucket{cluster=~\"$cluster\", namespace=~\"medic.*benchmark-latency\",pod=~\"$pod\", partition=~\"$partition\"}[$__rate_interval])) by (le, namespace))",
          "instant": true,
          "interval": "",
          "legendFormat": "{{namespace}}",
          "refId": "B"
        }
      ],
      "title": "Latency benchmark p99 Latency",
      "type": "stat"
    },
    {
      "aliasColors": {},
      "bars": false,
      "dashLength": 10,
      "dashes": false,
      "datasource": {
        "type": "prometheus",
        "uid": "$DS_PROMETHEUS"
      },
      "description": "Shows the execution time of a process instance. This means the time (latency) between creating the instance and completing it.",
      "fieldConfig": {
        "defaults": {
          "links": []
        },
        "overrides": []
      },
      "fill": 1,
      "fillGradient": 0,
      "gridPos": {
        "h": 8,
        "w": 24,
        "x": 0,
        "y": 26
      },
      "hiddenSeries": false,
      "id": 288,
      "legend": {
        "avg": false,
        "current": false,
        "max": false,
        "min": false,
        "show": true,
        "total": false,
        "values": false
      },
      "lines": true,
      "linewidth": 1,
      "links": [],
      "nullPointMode": "null",
      "options": {
        "alertThreshold": true
      },
      "percentage": false,
      "pluginVersion": "10.1.5",
      "pointradius": 2,
      "points": false,
      "renderer": "flot",
      "seriesOverrides": [],
      "spaceLength": 10,
      "stack": false,
      "steppedLine": false,
      "targets": [
        {
          "datasource": {
            "uid": "$DS_PROMETHEUS"
          },
          "editorMode": "code",
          "expr": "histogram_quantile(0.50, sum(rate(zeebe_process_instance_execution_time_bucket{cluster=~\"$cluster\", namespace=~\"medic.*latency\",pod=~\"$pod\", partition=~\"$partition\"}[$__rate_interval])) by (le, namespace))",
          "format": "heatmap",
          "interval": "30s",
          "intervalFactor": 1,
          "legendFormat": "p50 {{namespace}}",
          "range": true,
          "refId": "A"
        },
        {
          "datasource": {
            "uid": "$DS_PROMETHEUS"
          },
          "editorMode": "code",
          "expr": "histogram_quantile(0.99, sum(rate(zeebe_process_instance_execution_time_bucket{cluster=~\"$cluster\", namespace=~\"medic.*latency\",pod=~\"$pod\", partition=~\"$partition\"}[$__rate_interval])) by (le, namespace))",
          "interval": "",
          "legendFormat": "p99 {{namespace}}",
          "range": true,
          "refId": "B"
        }
      ],
      "thresholds": [
        {
          "$$hashKey": "object:38",
          "colorMode": "critical",
          "fill": true,
          "line": true,
          "op": "gt",
          "value": 2.1,
          "yaxis": "left"
        }
      ],
      "timeRegions": [],
      "title": "Process Instance Execution Time (avg)",
      "tooltip": {
        "shared": true,
        "sort": 0,
        "value_type": "individual"
      },
      "type": "graph",
      "xaxis": {
        "mode": "time",
        "show": true,
        "values": []
      },
      "yaxes": [
        {
          "format": "short",
          "label": "seconds",
          "logBase": 1,
          "show": true
        },
        {
          "format": "short",
          "logBase": 1,
          "show": true
        }
      ],
      "yaxis": {
        "align": false
      }
    },
    {
      "collapsed": false,
      "gridPos": {
        "h": 1,
        "w": 24,
        "x": 0,
        "y": 34
      },
      "id": 284,
      "panels": [],
      "title": "Medic Benchmarks Health",
      "type": "row"
    },
    {
      "datasource": {
        "type": "prometheus",
        "uid": "${DS_PROMETHEUS}"
      },
      "description": "Shows health per partition and pod",
      "fieldConfig": {
        "defaults": {
          "color": {
            "mode": "thresholds"
          },
          "custom": {
            "align": "left",
            "cellOptions": {
              "type": "auto"
            },
            "filterable": true,
            "inspect": false
          },
          "mappings": [],
          "thresholds": {
            "mode": "absolute",
            "steps": [
              {
                "color": "green",
                "value": null
              }
            ]
          }
        },
        "overrides": [
          {
            "matcher": {
              "id": "byName",
              "options": "Value #A"
            },
            "properties": [
              {
                "id": "displayName",
                "value": "Health"
              },
              {
                "id": "mappings",
                "value": [
                  {
                    "options": {
                      "0": {
                        "text": "Unhealthy"
                      },
                      "1": {
                        "text": "Healthy"
                      },
                      "-1": {
                        "text": "DEAD"
                      }
                    },
                    "type": "value"
                  }
                ]
              },
              {
                "id": "custom.cellOptions",
                "value": {
                  "type": "color-text"
                }
              },
              {
                "id": "color",
                "value": {
                  "mode": "thresholds"
                }
              },
              {
                "id": "thresholds",
                "value": {
                  "mode": "absolute",
                  "steps": [
                    {
                      "color": "green",
                      "value": null
                    },
                    {
                      "color": "red",
                      "value": -1
                    },
                    {
                      "color": "orange",
                      "value": 0
                    },
                    {
                      "color": "green",
                      "value": 1
                    }
                  ]
                }
              }
            ]
          },
          {
            "matcher": {
              "id": "byName",
              "options": "Value #B"
            },
            "properties": [
              {
                "id": "displayName",
                "value": "Role"
              },
              {
                "id": "mappings",
                "value": [
                  {
                    "options": {
                      "1": {
                        "text": "Follower"
                      },
                      "2": {
                        "text": "Candidate"
                      },
                      "3": {
                        "text": "Leader"
                      }
                    },
                    "type": "value"
                  }
                ]
              },
              {
                "id": "custom.cellOptions",
                "value": {
                  "type": "color-text"
                }
              },
              {
                "id": "thresholds",
                "value": {
                  "mode": "absolute",
                  "steps": [
                    {
                      "color": "green",
                      "value": null
                    },
                    {
                      "color": "semi-dark-orange",
                      "value": 1
                    },
                    {
                      "color": "dark-green",
                      "value": 3
                    }
                  ]
                }
              }
            ]
          },
          {
            "matcher": {
              "id": "byName",
              "options": "pod"
            },
            "properties": [
              {
                "id": "custom.width",
                "value": 466
              }
            ]
          },
          {
            "matcher": {
              "id": "byName",
              "options": "partition"
            },
            "properties": [
              {
                "id": "custom.width",
                "value": 125
              }
            ]
          },
          {
            "matcher": {
              "id": "byName",
              "options": "Health"
            },
            "properties": [
              {
                "id": "custom.width",
                "value": 125
              }
            ]
          }
        ]
      },
      "gridPos": {
        "h": 10,
        "w": 11,
        "x": 0,
        "y": 35
      },
      "id": 243,
      "options": {
        "cellHeight": "sm",
        "footer": {
          "countRows": false,
          "fields": "",
          "reducer": [
            "sum"
          ],
          "show": false
        },
        "frameIndex": 0,
        "showHeader": true,
        "sortBy": [
          {
            "desc": true,
            "displayName": "Health"
          }
        ]
      },
      "pluginVersion": "10.1.5",
      "targets": [
        {
          "datasource": {
            "type": "prometheus",
            "uid": "${DS_PROMETHEUS}"
          },
          "editorMode": "code",
          "expr": "zeebe_health{cluster=~\"$cluster\", namespace=~\"medic.*\", partition=~\"$partition\", pod=~\"$pod\"} ",
          "format": "table",
          "instant": true,
          "interval": "",
          "legendFormat": "Partition {{pod}} {{partition}}",
          "refId": "A"
        },
        {
          "datasource": {
            "type": "prometheus",
            "uid": "${DS_PROMETHEUS}"
          },
          "editorMode": "code",
          "expr": "atomix_role{cluster=~\"$cluster\", namespace=~\"medic.*\", pod=~\"$pod\", partition=~\"$partition\"} ",
          "format": "table",
          "hide": false,
          "instant": true,
          "interval": "",
          "legendFormat": "",
          "refId": "B"
        }
      ],
      "title": "Health",
      "transformations": [
        {
          "id": "reduce",
          "options": {
            "includeTimeField": false,
            "mode": "reduceFields",
            "reducers": []
          }
        },
        {
          "id": "filterFieldsByName",
          "options": {
            "include": {
              "names": [
                "partition",
                "pod",
                "Value #B",
                "Value #A"
              ]
            }
          }
        },
        {
          "id": "organize",
          "options": {
            "excludeByName": {},
            "indexByName": {
              "Value": 2,
              "partition": 1,
              "pod": 0
            },
            "renameByName": {}
          }
        },
        {
          "id": "sortBy",
          "options": {
            "fields": {},
            "sort": [
              {
                "desc": true,
                "field": "Value #B"
              }
            ]
          }
        },
        {
          "id": "merge",
          "options": {}
        }
      ],
      "type": "table"
    },
    {
      "datasource": {
        "type": "prometheus",
        "uid": "${DS_PROMETHEUS}"
      },
      "description": "Shows the reason for the last pod restart",
      "fieldConfig": {
        "defaults": {
          "color": {
            "mode": "thresholds"
          },
          "custom": {
            "align": "auto",
            "cellOptions": {
              "type": "auto"
            },
            "filterable": false,
            "inspect": false
          },
          "mappings": [],
          "thresholds": {
            "mode": "absolute",
            "steps": [
              {
                "color": "green",
                "value": null
              },
              {
                "color": "red",
                "value": 80
              }
            ]
          }
        },
        "overrides": [
          {
            "matcher": {
              "id": "byName",
              "options": "reason"
            },
            "properties": [
              {
                "id": "custom.width",
                "value": 200
              }
            ]
          }
        ]
      },
      "gridPos": {
        "h": 5,
        "w": 13,
        "x": 11,
        "y": 35
      },
      "id": 272,
      "options": {
        "cellHeight": "sm",
        "footer": {
          "countRows": false,
          "fields": "",
          "reducer": [
            "sum"
          ],
          "show": false
        },
        "showHeader": true
      },
      "pluginVersion": "10.1.5",
      "targets": [
        {
          "datasource": {
            "type": "prometheus",
            "uid": "${DS_PROMETHEUS}"
          },
          "editorMode": "code",
          "expr": "kube_pod_container_status_last_terminated_reason{cluster=~\"$cluster\", namespace=~\"medic.*\", container=\"zeebe\"}",
          "interval": "",
          "legendFormat": "{{ pod }}",
          "range": true,
          "refId": "A"
        }
      ],
      "title": "Pod Last Terminated Reason",
      "transformations": [
        {
          "id": "reduce",
          "options": {
            "includeTimeField": false,
            "mode": "reduceFields",
            "reducers": [
              "lastNotNull"
            ]
          }
        },
        {
          "id": "labelsToFields",
          "options": {}
        },
        {
          "id": "merge",
          "options": {}
        },
        {
          "id": "filterByValue",
          "options": {
            "filters": [
              {
                "config": {
                  "id": "equal",
                  "options": {
                    "value": 0
                  }
                },
                "fieldName": "Value"
              }
            ],
            "match": "all",
            "type": "exclude"
          }
        },
        {
          "id": "organize",
          "options": {
            "excludeByName": {
              "Value": true,
              "__name__": true,
              "container": true,
              "endpoint": true,
              "instance": true,
              "job": true,
              "namespace": true,
              "reducer": true,
              "service": true
            },
            "indexByName": {},
            "renameByName": {}
          }
        }
      ],
      "type": "table"
    },
    {
      "aliasColors": {},
      "bars": false,
      "dashLength": 10,
      "dashes": false,
      "datasource": {
        "type": "prometheus",
        "uid": "$DS_PROMETHEUS"
      },
      "description": "Shows how much disk is used by each broker.",
      "fieldConfig": {
        "defaults": {
          "links": []
        },
        "overrides": []
      },
      "fill": 1,
      "fillGradient": 0,
      "gridPos": {
        "h": 5,
        "w": 13,
        "x": 11,
        "y": 40
      },
      "hiddenSeries": false,
      "id": 39,
      "legend": {
        "avg": false,
        "current": false,
        "max": false,
        "min": false,
        "show": false,
        "total": false,
        "values": false
      },
      "lines": true,
      "linewidth": 1,
      "links": [],
      "nullPointMode": "null",
      "options": {
        "alertThreshold": true
      },
      "percentage": false,
      "pluginVersion": "10.1.5",
      "pointradius": 5,
      "points": false,
      "renderer": "flot",
      "seriesOverrides": [],
      "spaceLength": 10,
      "stack": false,
      "steppedLine": false,
      "targets": [
        {
          "datasource": {
            "uid": "$DS_PROMETHEUS"
          },
          "editorMode": "code",
          "expr": "(kubelet_volume_stats_used_bytes{cluster=~\"$cluster\", namespace=~\"medic.*\", persistentvolumeclaim=~\".*zeebe.*\"} / kubelet_volume_stats_capacity_bytes{cluster=~\"$cluster\", namespace=~\"$namespace\", persistentvolumeclaim=~\".*zeebe.*\"})",
          "legendFormat": "{{persistentvolumeclaim}}",
          "range": true,
          "refId": "B"
        }
      ],
      "thresholds": [
        {
          "$$hashKey": "object:124",
          "colorMode": "critical",
          "fill": true,
          "line": true,
          "op": "gt",
          "value": 0.8,
          "yaxis": "left"
        }
      ],
      "timeRegions": [],
      "title": "Zeebe Broker Disk usage",
      "tooltip": {
        "shared": true,
        "sort": 2,
        "value_type": "individual"
      },
      "type": "graph",
      "xaxis": {
        "mode": "time",
        "show": true,
        "values": []
      },
      "yaxes": [
        {
          "format": "percentunit",
          "logBase": 1,
          "max": "1",
          "min": "0",
          "show": true
        },
        {
          "format": "short",
          "logBase": 1,
          "show": true
        }
      ],
      "yaxis": {
        "align": false
      }
    },
    {
      "datasource": {
        "type": "prometheus",
        "uid": "${DS_PROMETHEUS}"
      },
      "description": "Shows the reason for the last pod restart",
      "fieldConfig": {
        "defaults": {
          "color": {
            "mode": "thresholds"
          },
          "custom": {
            "align": "auto",
            "cellOptions": {
              "type": "auto"
            },
            "filterable": false,
            "inspect": false
          },
          "mappings": [],
          "thresholds": {
            "mode": "absolute",
            "steps": [
              {
                "color": "green",
                "value": null
              },
              {
                "color": "red",
                "value": 80
              }
            ]
          }
        },
        "overrides": [
          {
            "matcher": {
              "id": "byName",
              "options": "reason"
            },
            "properties": [
              {
                "id": "custom.width",
                "value": 200
              }
            ]
          }
        ]
      },
      "gridPos": {
        "h": 4,
        "w": 13,
        "x": 11,
        "y": 45
      },
      "id": 295,
      "options": {
        "cellHeight": "sm",
        "footer": {
          "countRows": false,
          "fields": "",
          "reducer": [
            "sum"
          ],
          "show": false
        },
        "showHeader": true
      },
      "pluginVersion": "10.1.5",
      "targets": [
        {
          "datasource": {
            "type": "prometheus",
            "uid": "${DS_PROMETHEUS}"
          },
          "editorMode": "code",
          "expr": "kube_pod_container_status_last_terminated_reason{cluster=~\"$cluster\", namespace=~\"release.*\", container=\"zeebe\"}",
          "interval": "",
          "legendFormat": "{{ pod }}",
          "range": true,
          "refId": "A"
        }
      ],
      "title": "Pod Last Terminated Reason",
      "transformations": [
        {
          "id": "reduce",
          "options": {
            "includeTimeField": false,
            "mode": "reduceFields",
            "reducers": [
              "lastNotNull"
            ]
          }
        },
        {
          "id": "labelsToFields",
          "options": {}
        },
        {
          "id": "merge",
          "options": {}
        },
        {
          "id": "filterByValue",
          "options": {
            "filters": [
              {
                "config": {
                  "id": "equal",
                  "options": {
                    "value": 0
                  }
                },
                "fieldName": "Value"
              }
            ],
            "match": "all",
            "type": "exclude"
          }
        },
        {
          "id": "organize",
          "options": {
            "excludeByName": {
              "Value": true,
              "__name__": true,
              "container": true,
              "endpoint": true,
              "instance": true,
              "job": true,
              "namespace": true,
              "reducer": true,
              "service": true
            },
            "indexByName": {},
            "renameByName": {}
          }
        }
      ],
      "type": "table"
    },
    {
      "collapsed": false,
      "gridPos": {
        "h": 1,
        "w": 24,
        "x": 0,
        "y": 49
      },
      "id": 290,
      "panels": [],
      "title": "Release benchmarks",
      "type": "row"
    },
    {
      "datasource": {
        "type": "prometheus",
        "uid": "${DS_PROMETHEUS}"
      },
      "description": "Flow node instances completed or terminated per second over all partitions.",
      "fieldConfig": {
        "defaults": {
          "color": {
            "fixedColor": "red",
            "mode": "thresholds"
          },
          "mappings": [
            {
              "options": {
                "match": "null",
                "result": {
                  "color": "red",
                  "text": "0"
                }
              },
              "type": "special"
            }
          ],
          "thresholds": {
            "mode": "absolute",
            "steps": [
              {
                "color": "red"
              },
              {
                "color": "green",
                "value": 145
              }
            ]
          },
          "unit": "none"
        },
        "overrides": []
      },
      "gridPos": {
        "h": 4,
        "w": 8,
        "x": 0,
        "y": 50
      },
      "id": 291,
      "links": [],
      "options": {
        "colorMode": "value",
        "graphMode": "area",
        "justifyMode": "auto",
        "orientation": "auto",
        "reduceOptions": {
          "calcs": [
            "lastNotNull"
          ],
          "fields": "",
          "values": false
        },
        "text": {
          "titleSize": 10
        },
        "textMode": "auto"
      },
      "pluginVersion": "10.1.5",
      "targets": [
        {
          "datasource": {
            "type": "prometheus",
            "uid": "${DS_PROMETHEUS}"
          },
          "editorMode": "code",
          "expr": "sum(rate(zeebe_element_instance_events_total{cluster=~\"$cluster\", namespace=~\"release-8.*\", pod=~\"$pod\", type!=\"PROCESS\", action!=\"activated\"}[$__rate_interval])) by (namespace)",
          "instant": true,
          "interval": "",
          "legendFormat": "{{namespace}}",
          "refId": "B"
        }
      ],
      "title": "Overall FNI  per s",
      "type": "stat"
    },
    {
      "datasource": {
        "type": "prometheus",
        "uid": "${DS_PROMETHEUS}"
      },
      "description": "Process instances completed or terminated per second over all partitions.",
      "fieldConfig": {
        "defaults": {
          "color": {
            "fixedColor": "red",
            "mode": "thresholds"
          },
          "mappings": [
            {
              "options": {
                "match": "null",
                "result": {
                  "color": "red",
                  "text": "0"
                }
              },
              "type": "special"
            }
          ],
          "thresholds": {
            "mode": "absolute",
            "steps": [
              {
                "color": "red"
              },
              {
                "color": "green",
                "value": 49
              }
            ]
          },
          "unit": "none"
        },
        "overrides": []
      },
      "gridPos": {
        "h": 4,
        "w": 8,
        "x": 8,
        "y": 50
      },
      "id": 292,
      "links": [],
      "options": {
        "colorMode": "value",
        "graphMode": "area",
        "justifyMode": "auto",
        "orientation": "auto",
        "reduceOptions": {
          "calcs": [
            "lastNotNull"
          ],
          "fields": "",
          "values": false
        },
        "text": {
          "titleSize": 10
        },
        "textMode": "auto"
      },
      "pluginVersion": "10.1.5",
      "targets": [
        {
          "datasource": {
            "type": "prometheus",
            "uid": "${DS_PROMETHEUS}"
          },
          "editorMode": "code",
          "expr": "sum(rate(zeebe_element_instance_events_total{cluster=~\"$cluster\", namespace=~\"release-8.*\",partition=~\"$partition\",pod=~\"$pod\", action=\"completed\", type=\"PROCESS\"}[$__rate_interval])) by (namespace)",
          "instant": true,
          "interval": "",
          "legendFormat": "{{namespace}}",
          "refId": "B"
        }
      ],
      "title": "Completed processes per s",
      "type": "stat"
    },
    {
      "datasource": {
        "type": "prometheus",
        "uid": "${DS_PROMETHEUS}"
      },
      "description": "Tasks completed or terminated per second over all partitions.",
      "fieldConfig": {
        "defaults": {
          "color": {
            "fixedColor": "red",
            "mode": "fixed"
          },
          "mappings": [
            {
              "options": {
                "match": "null",
                "result": {
                  "color": "red",
                  "text": "0"
                }
              },
              "type": "special"
            }
          ],
          "thresholds": {
            "mode": "absolute",
            "steps": [
              {
                "color": "red"
              }
            ]
          },
          "unit": "none"
        },
        "overrides": []
      },
      "gridPos": {
        "h": 4,
        "w": 8,
        "x": 16,
        "y": 50
      },
      "id": 293,
      "links": [],
      "options": {
        "colorMode": "none",
        "graphMode": "area",
        "justifyMode": "auto",
        "orientation": "auto",
        "reduceOptions": {
          "calcs": [
            "lastNotNull"
          ],
          "fields": "",
          "values": false
        },
        "text": {
          "titleSize": 10
        },
        "textMode": "auto"
      },
      "pluginVersion": "10.1.5",
      "targets": [
        {
          "datasource": {
            "type": "prometheus",
            "uid": "${DS_PROMETHEUS}"
          },
          "editorMode": "code",
          "expr": "sum(rate(zeebe_element_instance_events_total{cluster=~\"$cluster\", namespace=~\"release-8.*\",partition=~\"$partition\",pod=~\"$pod\", action=\"completed\", type=\"SERVICE_TASK\"}[$__rate_interval])) by (namespace)",
          "instant": true,
          "interval": "",
          "legendFormat": "{{namespace}}",
          "refId": "B"
        }
      ],
      "title": "Completed tasks per s",
      "type": "stat"
    },
    {
      "datasource": {
        "type": "prometheus",
        "uid": "${DS_PROMETHEUS}"
      },
      "description": "Average process instance execution latency",
      "fieldConfig": {
        "defaults": {
          "color": {
            "fixedColor": "red",
            "mode": "thresholds"
          },
          "mappings": [
            {
              "options": {
                "match": "null",
                "result": {
                  "color": "red",
                  "text": "0"
                }
              },
              "type": "special"
            }
          ],
          "thresholds": {
            "mode": "absolute",
            "steps": [
              {
                "color": "green"
              },
              {
                "color": "yellow",
                "value": 0.1
              },
              {
                "color": "red",
                "value": 0.2
              }
            ]
          },
          "unit": "s"
        },
        "overrides": []
      },
      "gridPos": {
        "h": 4,
        "w": 8,
        "x": 0,
        "y": 54
      },
      "id": 301,
      "links": [],
      "options": {
        "colorMode": "value",
        "graphMode": "area",
        "justifyMode": "auto",
        "orientation": "auto",
        "reduceOptions": {
          "calcs": [
            "lastNotNull"
          ],
          "fields": "",
          "values": false
        },
        "text": {
          "titleSize": 10
        },
        "textMode": "auto"
      },
      "pluginVersion": "10.1.5",
      "targets": [
        {
          "datasource": {
            "type": "prometheus",
            "uid": "${DS_PROMETHEUS}"
          },
          "editorMode": "code",
          "expr": "histogram_quantile(0.50, sum(rate(zeebe_process_instance_execution_time_bucket{cluster=~\"$cluster\", namespace=~\"release-8.*\", pod=~\"$pod\", partition=~\"$partition\"}[$__rate_interval])) by (le, namespace))",
          "instant": true,
          "interval": "",
          "legendFormat": "{{namespace}}",
          "refId": "B"
        }
      ],
      "title": "p50 Latency",
      "type": "stat"
    },
    {
      "datasource": {
        "type": "prometheus",
        "uid": "${DS_PROMETHEUS}"
      },
      "description": "90th percentile process instance execution latency",
      "fieldConfig": {
        "defaults": {
          "color": {
            "fixedColor": "red",
            "mode": "thresholds"
          },
          "mappings": [
            {
              "options": {
                "match": "null",
                "result": {
                  "color": "red",
                  "text": "0"
                }
              },
              "type": "special"
            }
          ],
          "thresholds": {
            "mode": "absolute",
            "steps": [
              {
                "color": "green"
              },
              {
                "color": "yellow",
                "value": 0.4
              },
              {
                "color": "red",
                "value": 0.6
              }
            ]
          },
          "unit": "s"
        },
        "overrides": []
      },
      "gridPos": {
        "h": 4,
        "w": 8,
        "x": 8,
        "y": 54
      },
      "id": 302,
      "links": [],
      "options": {
        "colorMode": "value",
        "graphMode": "area",
        "justifyMode": "auto",
        "orientation": "auto",
        "reduceOptions": {
          "calcs": [
            "lastNotNull"
          ],
          "fields": "",
          "values": false
        },
        "text": {
          "titleSize": 10
        },
        "textMode": "auto"
      },
      "pluginVersion": "10.1.5",
      "targets": [
        {
          "datasource": {
            "type": "prometheus",
            "uid": "${DS_PROMETHEUS}"
          },
          "editorMode": "code",
          "expr": "histogram_quantile(0.90, sum(rate(zeebe_process_instance_execution_time_bucket{cluster=~\"$cluster\", namespace=~\"release-8.*\", pod=~\"$pod\", partition=~\"$partition\"}[$__rate_interval])) by (le, namespace))",
          "instant": true,
          "interval": "",
          "legendFormat": "{{namespace}}",
          "refId": "B"
        }
      ],
      "title": "p90 Latency",
      "type": "stat"
    },
    {
      "datasource": {
        "type": "prometheus",
        "uid": "${DS_PROMETHEUS}"
      },
      "description": "99th percentile process instance execution latency",
      "fieldConfig": {
        "defaults": {
          "color": {
            "fixedColor": "red",
            "mode": "thresholds"
          },
          "mappings": [
            {
              "options": {
                "match": "null",
                "result": {
                  "color": "red",
                  "text": "0"
                }
              },
              "type": "special"
            }
          ],
          "thresholds": {
            "mode": "absolute",
            "steps": [
              {
                "color": "green"
              },
              {
                "color": "yellow",
                "value": 0.6
              },
              {
                "color": "red",
                "value": 0.8
              }
            ]
          },
          "unit": "s"
        },
        "overrides": []
      },
      "gridPos": {
        "h": 4,
        "w": 8,
        "x": 16,
        "y": 54
      },
      "id": 303,
      "links": [],
      "options": {
        "colorMode": "value",
        "graphMode": "area",
        "justifyMode": "auto",
        "orientation": "auto",
        "reduceOptions": {
          "calcs": [
            "lastNotNull"
          ],
          "fields": "",
          "values": false
        },
        "text": {
          "titleSize": 10
        },
        "textMode": "auto"
      },
      "pluginVersion": "10.1.5",
      "targets": [
        {
          "datasource": {
            "type": "prometheus",
            "uid": "${DS_PROMETHEUS}"
          },
          "editorMode": "code",
          "expr": "histogram_quantile(0.99, sum(rate(zeebe_process_instance_execution_time_bucket{cluster=~\"$cluster\", namespace=~\"release-8.*\", pod=~\"$pod\", partition=~\"$partition\"}[$__rate_interval])) by (le, namespace))",
          "instant": true,
          "interval": "",
          "legendFormat": "{{namespace}}",
          "refId": "B"
        }
      ],
      "title": "p99 Latency",
      "type": "stat"
    },
    {
      "datasource": {
        "type": "prometheus",
        "uid": "${DS_PROMETHEUS}"
      },
      "description": "Shows health per partition and pod",
      "fieldConfig": {
        "defaults": {
          "color": {
            "mode": "thresholds"
          },
          "custom": {
            "align": "left",
            "cellOptions": {
              "type": "auto"
            },
            "filterable": true,
            "inspect": false
          },
          "mappings": [],
          "thresholds": {
            "mode": "absolute",
            "steps": [
              {
                "color": "green"
              }
            ]
          }
        },
        "overrides": [
          {
            "matcher": {
              "id": "byName",
              "options": "Value #A"
            },
            "properties": [
              {
                "id": "displayName",
                "value": "Health"
              },
              {
                "id": "mappings",
                "value": [
                  {
                    "options": {
                      "0": {
                        "text": "Unhealthy"
                      },
                      "1": {
                        "text": "Healthy"
                      },
                      "-1": {
                        "text": "DEAD"
                      }
                    },
                    "type": "value"
                  }
                ]
              },
              {
                "id": "custom.cellOptions",
                "value": {
                  "type": "color-text"
                }
              },
              {
                "id": "color",
                "value": {
                  "mode": "thresholds"
                }
              },
              {
                "id": "thresholds",
                "value": {
                  "mode": "absolute",
                  "steps": [
                    {
                      "color": "green"
                    },
                    {
                      "color": "red",
                      "value": -1
                    },
                    {
                      "color": "orange",
                      "value": 0
                    },
                    {
                      "color": "green",
                      "value": 1
                    }
                  ]
                }
              }
            ]
          },
          {
            "matcher": {
              "id": "byName",
              "options": "Value #B"
            },
            "properties": [
              {
                "id": "displayName",
                "value": "Role"
              },
              {
                "id": "mappings",
                "value": [
                  {
                    "options": {
                      "1": {
                        "text": "Follower"
                      },
                      "2": {
                        "text": "Candidate"
                      },
                      "3": {
                        "text": "Leader"
                      }
                    },
                    "type": "value"
                  }
                ]
              },
              {
                "id": "custom.cellOptions",
                "value": {
                  "type": "color-text"
                }
              },
              {
                "id": "thresholds",
                "value": {
                  "mode": "absolute",
                  "steps": [
                    {
                      "color": "green"
                    },
                    {
                      "color": "semi-dark-orange",
                      "value": 1
                    },
                    {
                      "color": "dark-green",
                      "value": 3
                    }
                  ]
                }
              }
            ]
          },
          {
            "matcher": {
              "id": "byName",
              "options": "pod"
            },
            "properties": [
              {
                "id": "custom.width",
                "value": 401
              }
            ]
          },
          {
            "matcher": {
              "id": "byName",
              "options": "partition"
            },
            "properties": [
              {
                "id": "custom.width",
                "value": 71
              }
            ]
          }
        ]
      },
      "gridPos": {
        "h": 9,
        "w": 11,
        "x": 0,
        "y": 58
      },
      "id": 294,
      "options": {
        "cellHeight": "sm",
        "footer": {
          "countRows": false,
          "fields": "",
          "reducer": [
            "sum"
          ],
          "show": false
        },
        "frameIndex": 0,
        "showHeader": true,
        "sortBy": [
          {
            "desc": true,
            "displayName": "Health"
          }
        ]
      },
      "pluginVersion": "10.1.5",
      "targets": [
        {
          "datasource": {
            "type": "prometheus",
            "uid": "${DS_PROMETHEUS}"
          },
          "editorMode": "code",
          "expr": "zeebe_health{cluster=~\"$cluster\", namespace=~\"release.*\", partition=~\"$partition\", pod=~\"$pod\"} ",
          "format": "table",
          "instant": true,
          "interval": "",
          "legendFormat": "Partition {{pod}} {{partition}}",
          "refId": "A"
        },
        {
          "datasource": {
            "type": "prometheus",
            "uid": "${DS_PROMETHEUS}"
          },
          "editorMode": "code",
          "expr": "atomix_role{cluster=~\"$cluster\", namespace=~\"release.*\", pod=~\"$pod\", partition=~\"$partition\"} ",
          "format": "table",
          "hide": false,
          "instant": true,
          "interval": "",
          "legendFormat": "",
          "refId": "B"
        }
      ],
      "title": "Health",
      "transformations": [
        {
          "id": "reduce",
          "options": {
            "includeTimeField": false,
            "mode": "reduceFields",
            "reducers": []
          }
        },
        {
          "id": "filterFieldsByName",
          "options": {
            "include": {
              "names": [
                "partition",
                "pod",
                "Value #B",
                "Value #A"
              ]
            }
          }
        },
        {
          "id": "organize",
          "options": {
            "excludeByName": {},
            "indexByName": {
              "Value": 2,
              "partition": 1,
              "pod": 0
            },
            "renameByName": {}
          }
        },
        {
          "id": "sortBy",
          "options": {
            "fields": {},
            "sort": [
              {
                "desc": true,
                "field": "Value #B"
              }
            ]
          }
        },
        {
          "id": "merge",
          "options": {}
        }
      ],
      "type": "table"
    },
    {
      "aliasColors": {},
      "bars": false,
      "dashLength": 10,
      "dashes": false,
      "datasource": {
        "type": "prometheus",
        "uid": "$DS_PROMETHEUS"
      },
      "description": "Shows how much disk is used by each broker.",
      "fieldConfig": {
        "defaults": {
          "links": []
        },
        "overrides": []
      },
      "fill": 1,
      "fillGradient": 0,
      "gridPos": {
        "h": 5,
        "w": 13,
        "x": 11,
        "y": 58
      },
      "hiddenSeries": false,
      "id": 296,
      "legend": {
        "avg": false,
        "current": false,
        "max": false,
        "min": false,
        "show": false,
        "total": false,
        "values": false
      },
      "lines": true,
      "linewidth": 1,
      "links": [],
      "nullPointMode": "null",
      "options": {
        "alertThreshold": true
      },
      "percentage": false,
      "pluginVersion": "10.1.5",
      "pointradius": 5,
      "points": false,
      "renderer": "flot",
      "seriesOverrides": [],
      "spaceLength": 10,
      "stack": false,
      "steppedLine": false,
      "targets": [
        {
          "datasource": {
            "uid": "$DS_PROMETHEUS"
          },
          "editorMode": "code",
          "expr": "(kubelet_volume_stats_used_bytes{cluster=~\"$cluster\", namespace=~\"release.*\", persistentvolumeclaim=~\".*zeebe.*\"} / kubelet_volume_stats_capacity_bytes{cluster=~\"$cluster\", namespace=~\"$namespace\", persistentvolumeclaim=~\".*zeebe.*\"})",
          "legendFormat": "{{persistentvolumeclaim}}",
          "range": true,
          "refId": "B"
        }
      ],
      "thresholds": [
        {
          "$$hashKey": "object:86",
          "colorMode": "critical",
          "fill": true,
          "line": true,
          "op": "gt",
          "value": 0.8,
          "yaxis": "left"
        }
      ],
      "timeRegions": [],
      "title": "Zeebe Broker Disk usage",
      "tooltip": {
        "shared": true,
        "sort": 2,
        "value_type": "individual"
      },
      "type": "graph",
      "xaxis": {
        "mode": "time",
        "show": true,
        "values": []
      },
      "yaxes": [
        {
          "format": "percentunit",
          "logBase": 1,
          "max": "1",
          "min": "0",
          "show": true
        },
        {
          "format": "short",
          "logBase": 1,
          "show": true
        }
      ],
      "yaxis": {
        "align": false
      }
    }
  ],
  "refresh": "1m",
  "schemaVersion": 38,
  "style": "dark",
  "tags": [],
  "templating": {
    "list": [
      {
        "current": {
          "selected": false,
          "text": "Prometheus",
          "value": "prometheus"
        },
        "hide": 0,
        "includeAll": false,
        "label": "datasource",
        "multi": false,
        "name": "DS_PROMETHEUS",
        "options": [],
        "query": "prometheus",
        "refresh": 1,
        "regex": "",
        "skipUrlSync": false,
        "type": "datasource"
      },
      {
        "allValue": ".*",
        "current": {},
        "datasource": {
          "type": "prometheus",
          "uid": "${DS_PROMETHEUS}"
        },
        "definition": "label_values(atomix_role, cluster)",
        "description": "Kubernetes cluster",
        "hide": 0,
        "includeAll": true,
        "multi": false,
        "name": "cluster",
        "options": [],
        "query": {
          "query": "label_values(atomix_role, cluster)",
          "refId": "Prometheus-cluster-Variable-Query"
        },
        "refresh": 2,
        "regex": "",
        "skipUrlSync": false,
        "sort": 1,
        "tagValuesQuery": "",
        "tagsQuery": "",
        "type": "query",
        "useTags": false
      },
      {
        "allValue": ".*",
        "current": {},
        "datasource": {
          "type": "prometheus",
          "uid": "${DS_PROMETHEUS}"
        },
        "definition": "label_values(atomix_role{cluster=~\"$cluster\"}, namespace)",
        "hide": 0,
        "includeAll": true,
        "multi": false,
        "name": "namespace",
        "options": [],
        "query": {
          "query": "label_values(atomix_role{cluster=~\"$cluster\"}, namespace)",
          "refId": "Prometheus-namespace-Variable-Query"
        },
        "refresh": 2,
        "regex": "",
        "skipUrlSync": false,
        "sort": 1,
        "tagValuesQuery": "",
        "tagsQuery": "",
        "type": "query",
        "useTags": false
      },
      {
        "allValue": ".*",
        "current": {},
        "datasource": {
          "type": "prometheus",
          "uid": "${DS_PROMETHEUS}"
        },
        "definition": "label_values(atomix_role{cluster=~\"$cluster\", namespace=~\"$namespace\"}, pod)",
        "hide": 0,
        "includeAll": true,
        "multi": true,
        "name": "pod",
        "options": [],
        "query": {
          "query": "label_values(atomix_role{cluster=~\"$cluster\", namespace=~\"$namespace\"}, pod)",
          "refId": "Prometheus-pod-Variable-Query"
        },
        "refresh": 2,
        "regex": "",
        "skipUrlSync": false,
        "sort": 1,
        "tagValuesQuery": "",
        "tagsQuery": "",
        "type": "query",
        "useTags": false
      },
      {
        "allValue": ".*",
        "current": {},
        "datasource": {
          "type": "prometheus",
          "uid": "${DS_PROMETHEUS}"
        },
        "definition": "label_values(atomix_role{cluster=~\"$cluster\", namespace=~\"$namespace\", pod=~\"$pod\"}, partition)",
        "hide": 0,
        "includeAll": true,
        "multi": true,
        "name": "partition",
        "options": [],
        "query": {
          "query": "label_values(atomix_role{cluster=~\"$cluster\", namespace=~\"$namespace\", pod=~\"$pod\"}, partition)",
          "refId": "Prometheus-partition-Variable-Query"
        },
        "refresh": 2,
        "regex": "",
        "skipUrlSync": false,
        "sort": 1,
        "tagValuesQuery": "",
        "tagsQuery": "",
        "type": "query",
        "useTags": false
      }
    ]
  },
  "time": {
    "from": "now-24h",
    "to": "now"
  },
  "timepicker": {
    "refresh_intervals": [
      "10s",
      "30s",
      "1m",
      "5m",
      "15m",
      "30m",
      "1h",
      "2h",
      "1d"
    ],
    "time_options": [
      "5m",
      "15m",
      "1h",
      "6h",
      "12h",
      "24h",
      "2d",
      "7d",
      "30d"
    ]
  },
  "timezone": "",
  "title": "Zeebe Medic Benchmarks",
  "uid": "zeebe-medic-benchmark",
  "version": 5,
  "weekStart": ""
}