{
  "__inputs": [
    {
      "name": "DS_PROMETHEUS",
      "label": "Prometheus",
      "description": "",
      "type": "datasource",
      "pluginId": "prometheus",
      "pluginName": "Prometheus"
    }
  ],
  "__elements": {},
  "__requires": [
    {
      "type": "grafana",
      "id": "grafana",
      "name": "Grafana",
      "version": "9.5.2"
    },
    {
      "type": "panel",
      "id": "graph",
      "name": "Graph (old)",
      "version": ""
    },
    {
      "type": "datasource",
      "id": "prometheus",
      "name": "Prometheus",
      "version": "1.0.0"
    },
    {
      "type": "panel",
      "id": "stat",
      "name": "Stat",
      "version": ""
    },
    {
      "type": "panel",
      "id": "table",
      "name": "Table",
      "version": ""
    },
    {
      "type": "panel",
      "id": "timeseries",
      "name": "Time series",
      "version": ""
    }
  ],
  "annotations": {
    "list": [
      {
        "builtIn": 1,
        "datasource": {
          "type": "datasource",
          "uid": "grafana"
        },
        "enable": true,
        "hide": true,
        "iconColor": "rgba(0, 211, 255, 1)",
        "name": "Annotations & Alerts",
        "type": "dashboard"
      }
    ]
  },
  "editable": true,
  "fiscalYearStartMonth": 0,
  "graphTooltip": 1,
  "id": null,
  "links": [],
  "liveNow": false,
  "panels": [
    {
      "datasource": {
        "type": "prometheus",
        "uid": "${DS_PROMETHEUS}"
      },
      "description": "Shows health per partition and pod",
      "fieldConfig": {
        "defaults": {
          "color": {
            "mode": "thresholds"
          },
          "custom": {
            "align": "left",
            "cellOptions": {
              "type": "auto"
            },
            "filterable": true,
            "inspect": false
          },
          "mappings": [],
          "thresholds": {
            "mode": "absolute",
            "steps": [
              {
                "color": "green",
                "value": null
              }
            ]
          }
        },
        "overrides": [
          {
            "matcher": {
              "id": "byName",
              "options": "Value #A"
            },
            "properties": [
              {
                "id": "displayName",
                "value": "Health"
              },
              {
                "id": "mappings",
                "value": [
                  {
                    "options": {
                      "0": {
                        "text": "Unhealthy"
                      },
                      "1": {
                        "text": "Healthy"
                      },
                      "-1": {
                        "text": "DEAD"
                      }
                    },
                    "type": "value"
                  }
                ]
              },
              {
                "id": "custom.cellOptions",
                "value": {
                  "type": "color-text"
                }
              },
              {
                "id": "color",
                "value": {
                  "mode": "thresholds"
                }
              },
              {
                "id": "thresholds",
                "value": {
                  "mode": "absolute",
                  "steps": [
                    {
                      "color": "green",
                      "value": null
                    },
                    {
                      "color": "red",
                      "value": -1
                    },
                    {
                      "color": "orange",
                      "value": 0
                    },
                    {
                      "color": "green",
                      "value": 1
                    }
                  ]
                }
              }
            ]
          },
          {
            "matcher": {
              "id": "byName",
              "options": "Value #B"
            },
            "properties": [
              {
                "id": "displayName",
                "value": "Role"
              },
              {
                "id": "mappings",
                "value": [
                  {
                    "options": {
                      "1": {
                        "text": "Follower"
                      },
                      "2": {
                        "text": "Candidate"
                      },
                      "3": {
                        "text": "Leader"
                      }
                    },
                    "type": "value"
                  }
                ]
              },
              {
                "id": "custom.cellOptions",
                "value": {
                  "type": "color-text"
                }
              },
              {
                "id": "thresholds",
                "value": {
                  "mode": "absolute",
                  "steps": [
                    {
                      "color": "green",
                      "value": null
                    },
                    {
                      "color": "semi-dark-orange",
                      "value": 1
                    },
                    {
                      "color": "dark-green",
                      "value": 3
                    }
                  ]
                }
              }
            ]
          }
        ]
      },
      "gridPos": {
        "h": 12,
        "w": 13,
        "x": 0,
        "y": 0
      },
      "id": 243,
      "options": {
        "cellHeight": "sm",
        "footer": {
          "countRows": false,
          "fields": "",
          "reducer": [
            "sum"
          ],
          "show": false
        },
        "frameIndex": 0,
        "showHeader": true
      },
      "pluginVersion": "9.5.2",
      "targets": [
        {
          "datasource": {
            "type": "prometheus",
            "uid": "${DS_PROMETHEUS}"
          },
          "expr": "zeebe_health{cluster=~\"$cluster\", namespace=~\"$namespace\", partition=~\"$partition\", pod=~\"$pod\"} ",
          "format": "table",
          "instant": true,
          "interval": "",
          "legendFormat": "Partition {{pod}} {{partition}}",
          "refId": "A"
        },
        {
          "datasource": {
            "type": "prometheus",
            "uid": "${DS_PROMETHEUS}"
          },
          "expr": "atomix_role{cluster=~\"$cluster\", namespace=~\"$namespace\", pod=~\"$pod\", partition=~\"$partition\"} ",
          "format": "table",
          "hide": false,
          "instant": true,
          "interval": "",
          "legendFormat": "",
          "refId": "B"
        }
      ],
      "title": "Health",
      "transformations": [
        {
          "id": "reduce",
          "options": {
            "includeTimeField": false,
            "mode": "reduceFields",
            "reducers": []
          }
        },
        {
          "id": "filterFieldsByName",
          "options": {
            "include": {
              "names": [
                "partition",
                "pod",
                "Value #B",
                "Value #A"
              ]
            }
          }
        },
        {
          "id": "organize",
          "options": {
            "excludeByName": {},
            "indexByName": {
              "Value": 2,
              "partition": 1,
              "pod": 0
            },
            "renameByName": {}
          }
        },
        {
          "id": "sortBy",
          "options": {
            "fields": {},
            "sort": [
              {
                "desc": true,
                "field": "Value #B"
              }
            ]
          }
        },
        {
          "id": "merge",
          "options": {}
        }
      ],
      "type": "table"
    },
    {
      "datasource": {
        "type": "prometheus",
        "uid": "$DS_PROMETHEUS"
      },
      "description": "Shows when and how often a pod was restarted.  The graph is zero when the pod is ready. With this it is also possible to determine how long it take for the pod to come ready again.",
      "fieldConfig": {
        "defaults": {
          "color": {
            "mode": "palette-classic"
          },
          "custom": {
            "axisCenteredZero": false,
            "axisColorMode": "text",
            "axisLabel": "",
            "axisPlacement": "auto",
            "barAlignment": 0,
            "drawStyle": "line",
            "fillOpacity": 10,
            "gradientMode": "none",
            "hideFrom": {
              "legend": false,
              "tooltip": false,
              "viz": false
            },
            "lineInterpolation": "linear",
            "lineWidth": 1,
            "pointSize": 5,
            "scaleDistribution": {
              "type": "linear"
            },
            "showPoints": "never",
            "spanNulls": false,
            "stacking": {
              "group": "A",
              "mode": "none"
            },
            "thresholdsStyle": {
              "mode": "off"
            }
          },
          "decimals": 0,
          "links": [],
          "mappings": [],
          "min": 0,
          "thresholds": {
            "mode": "absolute",
            "steps": [
              {
                "color": "green",
                "value": null
              },
              {
                "color": "red",
                "value": 80
              }
            ]
          },
          "unit": "short"
        },
        "overrides": []
      },
      "gridPos": {
        "h": 6,
        "w": 11,
        "x": 13,
        "y": 0
      },
      "id": 116,
      "links": [],
      "options": {
        "legend": {
          "calcs": [],
          "displayMode": "list",
          "placement": "bottom",
          "showLegend": false
        },
        "tooltip": {
          "mode": "multi",
          "sort": "desc"
        }
      },
      "pluginVersion": "9.5.2",
      "targets": [
        {
          "datasource": {
            "uid": "$DS_PROMETHEUS"
          },
          "editorMode": "code",
          "expr": "1 - kube_pod_container_status_ready{pod=~\"$pod\", cluster=~\"$cluster\", container!~\"curator|curl\", namespace=~\"$namespace\"}",
          "format": "time_series",
          "hide": false,
          "instant": false,
          "interval": "",
          "legendFormat": "{{pod}} restart",
          "refId": "A"
        }
      ],
      "title": "Pod Restarts",
      "type": "timeseries"
    },
    {
      "aliasColors": {},
      "bars": false,
      "dashLength": 10,
      "dashes": false,
      "datasource": {
        "uid": "$DS_PROMETHEUS"
      },
      "decimals": 0,
      "description": "Shows when a role change has happened. \n1 = Follower\n2 = Candidate\n3 = Leader\n2 - ",
      "fieldConfig": {
        "defaults": {
          "links": []
        },
        "overrides": []
      },
      "fill": 0,
      "fillGradient": 0,
      "gridPos": {
        "h": 6,
        "w": 11,
        "x": 13,
        "y": 6
      },
      "hiddenSeries": false,
      "id": 95,
      "interval": "1s",
      "legend": {
        "alignAsTable": false,
        "avg": false,
        "current": true,
        "hideEmpty": false,
        "hideZero": true,
        "max": false,
        "min": false,
        "rightSide": false,
        "show": false,
        "sideWidth": 300,
        "total": false,
        "values": true
      },
      "lines": true,
      "linewidth": 1,
      "links": [],
      "nullPointMode": "null",
      "options": {
        "alertThreshold": true
      },
      "percentage": false,
      "pluginVersion": "9.5.2",
      "pointradius": 2,
      "points": false,
      "renderer": "flot",
      "seriesOverrides": [],
      "spaceLength": 10,
      "stack": false,
      "steppedLine": false,
      "targets": [
        {
          "datasource": {
            "uid": "$DS_PROMETHEUS"
          },
          "expr": "atomix_role{cluster=~\"$cluster\", namespace=~\"$namespace\", pod=~\"$pod\", partition=~\"$partition\"}",
          "format": "time_series",
          "hide": false,
          "instant": false,
          "interval": "",
          "intervalFactor": 1,
          "legendFormat": "{{pod}} p{{partition}} ",
          "refId": "A"
        }
      ],
      "thresholds": [],
      "timeRegions": [],
      "title": "Role changes over time",
      "tooltip": {
        "shared": true,
        "sort": 2,
        "value_type": "individual"
      },
      "type": "graph",
      "xaxis": {
        "mode": "time",
        "show": true,
        "values": []
      },
      "yaxes": [
        {
          "decimals": 0,
          "format": "short",
          "label": "Role (3 = Leader)",
          "logBase": 1,
          "max": "3",
          "min": "1",
          "show": true
        },
        {
          "format": "Misc",
          "label": "",
          "logBase": 1,
          "show": false
        }
      ],
      "yaxis": {
        "align": false,
        "alignLevel": 1
      }
    },
    {
      "datasource": {
        "type": "prometheus",
        "uid": "${DS_PROMETHEUS}"
      },
      "description": "Shows the reason for the last pod restart",
      "fieldConfig": {
        "defaults": {
          "color": {
            "mode": "thresholds"
          },
          "custom": {
            "align": "auto",
            "cellOptions": {
              "type": "auto"
            },
            "filterable": false,
            "inspect": false
          },
          "mappings": [],
          "thresholds": {
            "mode": "absolute",
            "steps": [
              {
                "color": "green",
                "value": null
              },
              {
                "color": "red",
                "value": 80
              }
            ]
          }
        },
        "overrides": [
          {
            "matcher": {
              "id": "byName",
              "options": "reason"
            },
            "properties": [
              {
                "id": "custom.width",
                "value": 200
              }
            ]
          }
        ]
      },
      "gridPos": {
        "h": 5,
        "w": 9,
        "x": 0,
        "y": 12
      },
      "id": 272,
      "options": {
        "cellHeight": "sm",
        "footer": {
          "countRows": false,
          "fields": "",
          "reducer": [
            "sum"
          ],
          "show": false
        },
        "showHeader": true
      },
      "pluginVersion": "9.5.2",
      "targets": [
        {
          "datasource": {
            "type": "prometheus",
            "uid": "${DS_PROMETHEUS}"
          },
          "expr": "kube_pod_container_status_last_terminated_reason{cluster=~\"$cluster\", namespace=~\"$namespace\", container=\"zeebe\"}",
          "interval": "",
          "legendFormat": "{{ pod }}",
          "refId": "A"
        }
      ],
      "title": "Pod Last Terminated Reason",
      "transformations": [
        {
          "id": "reduce",
          "options": {
            "includeTimeField": false,
            "mode": "reduceFields",
            "reducers": [
              "lastNotNull"
            ]
          }
        },
        {
          "id": "labelsToFields",
          "options": {}
        },
        {
          "id": "merge",
          "options": {}
        },
        {
          "id": "filterByValue",
          "options": {
            "filters": [
              {
                "config": {
                  "id": "equal",
                  "options": {
                    "value": 0
                  }
                },
                "fieldName": "Value"
              }
            ],
            "match": "all",
            "type": "exclude"
          }
        },
        {
          "id": "organize",
          "options": {
            "excludeByName": {
              "Value": true,
              "__name__": true,
              "container": true,
              "endpoint": true,
              "instance": true,
              "job": true,
              "namespace": true,
              "reducer": true,
              "service": true
            },
            "indexByName": {},
            "renameByName": {}
          }
        }
      ],
      "type": "table"
    },
    {
      "datasource": {
        "type": "prometheus",
        "uid": "${DS_PROMETHEUS}"
      },
      "fieldConfig": {
        "defaults": {
          "displayName": "",
          "mappings": [],
          "min": 0,
          "thresholds": {
            "mode": "absolute",
            "steps": [
              {
                "color": "green",
                "value": null
              },
              {
                "color": "red",
                "value": 40
              }
            ]
          },
          "unit": "percent"
        },
        "overrides": []
      },
      "gridPos": {
        "h": 5,
        "w": 15,
        "x": 9,
        "y": 12
      },
      "id": 190,
      "links": [],
      "options": {
        "colorMode": "value",
        "graphMode": "area",
        "justifyMode": "center",
        "orientation": "vertical",
        "reduceOptions": {
          "calcs": [
            "lastNotNull"
          ],
          "fields": "",
          "values": false
        },
        "text": {},
        "textMode": "auto"
      },
      "pluginVersion": "9.5.2",
      "targets": [
        {
          "datasource": {
            "type": "prometheus",
            "uid": "${DS_PROMETHEUS}"
          },
          "expr": "(sum(rate(zeebe_dropped_request_count_total{cluster=~\"$cluster\", namespace=~\"$namespace\", partition=~\"$partition\"}[$__rate_interval])) by (partition) / sum(rate(zeebe_received_request_count_total{cluster=~\"$cluster\", namespace=~\"$namespace\", partition=~\"$partition\"}[$__rate_interval])) by (partition) ) * 100",
          "interval": "",
          "legendFormat": "Partition {{partition}}",
          "refId": "A"
        },
        {
          "datasource": {
            "type": "prometheus",
            "uid": "${DS_PROMETHEUS}"
          },
          "expr": "",
          "interval": "",
          "legendFormat": "",
          "refId": "B"
        }
      ],
      "title": "Backpressure Dropping Requests",
      "type": "timeseries"
    },
    {
      "aliasColors": {},
      "bars": false,
      "dashLength": 10,
      "dashes": false,
      "datasource": {
        "uid": "$DS_PROMETHEUS"
      },
      "fieldConfig": {
        "defaults": {
          "links": []
        },
        "overrides": []
      },
      "fill": 1,
      "fillGradient": 1,
      "gridPos": {
        "h": 6,
        "w": 7,
        "x": 0,
        "y": 17
      },
      "hiddenSeries": false,
      "id": 58,
      "legend": {
        "alignAsTable": false,
        "avg": false,
        "current": false,
        "hideEmpty": false,
        "hideZero": false,
        "max": false,
        "min": false,
        "rightSide": true,
        "show": false,
        "sideWidth": 250,
        "total": false,
        "values": false
      },
      "lines": true,
      "linewidth": 1,
      "links": [],
      "nullPointMode": "null",
      "options": {
        "alertThreshold": true
      },
      "percentage": false,
      "pluginVersion": "9.5.2",
      "pointradius": 2,
      "points": false,
      "renderer": "flot",
      "seriesOverrides": [],
      "spaceLength": 10,
      "stack": false,
      "steppedLine": false,
      "targets": [
        {
          "datasource": {
            "uid": "$DS_PROMETHEUS"
          },
          "expr": "sum(rate(zeebe_stream_processor_records_total{cluster=~\"$cluster\", namespace=~\"$namespace\",partition=~\"$partition\",pod=~\"$pod\", action=~\"skipped|processed\"}[$__rate_interval])) by (pod, partition, processor)",
          "format": "time_series",
          "interval": "",
          "intervalFactor": 1,
          "legendFormat": "{{pod}}-{{partition}}-{{processor}}-processed",
          "refId": "A"
        },
        {
          "datasource": {
            "uid": "$DS_PROMETHEUS"
          },
          "expr": "sum(rate(zeebe_stream_processor_records_total{cluster=~\"$cluster\", namespace=~\"$namespace\",partition=~\"$partition\",pod=~\"$pod\", action=~\"written\"}[$__rate_interval])) by (pod, partition, processor)",
          "interval": "",
          "legendFormat": "{{pod}}-{{partition}}-{{processor}}-written",
          "refId": "C"
        }
      ],
      "thresholds": [],
      "timeRegions": [],
      "title": "Processing per Partition",
      "tooltip": {
        "shared": true,
        "sort": 2,
        "value_type": "individual"
      },
      "type": "graph",
      "xaxis": {
        "mode": "time",
        "show": true,
        "values": []
      },
      "yaxes": [
        {
          "format": "short",
          "logBase": 1,
          "min": "0",
          "show": true
        },
        {
          "format": "short",
          "logBase": 1,
          "show": true
        }
      ],
      "yaxis": {
        "align": false
      }
    },
    {
      "datasource": {
        "type": "prometheus",
        "uid": "${DS_PROMETHEUS}"
      },
      "description": "Flow node instances completed or terminated per second over all partitions.",
      "fieldConfig": {
        "defaults": {
          "mappings": [
            {
              "options": {
                "match": "null",
                "result": {
                  "color": "red",
                  "text": "0"
                }
              },
              "type": "special"
            }
          ],
          "thresholds": {
            "mode": "absolute",
            "steps": [
              {
                "color": "red",
                "value": null
              },
              {
                "color": "#EAB839",
                "value": 5
              },
              {
                "color": "green",
                "value": 10
              }
            ]
          },
          "unit": "none"
        },
        "overrides": []
      },
      "gridPos": {
        "h": 2,
        "w": 9,
        "x": 7,
        "y": 17
      },
      "id": 232,
      "links": [],
      "options": {
        "colorMode": "value",
        "graphMode": "area",
        "justifyMode": "auto",
        "orientation": "horizontal",
        "reduceOptions": {
          "calcs": [
            "lastNotNull"
          ],
          "fields": "",
          "values": false
        },
        "text": {},
        "textMode": "auto"
      },
      "pluginVersion": "9.5.2",
      "targets": [
        {
          "datasource": {
            "type": "prometheus",
            "uid": "${DS_PROMETHEUS}"
          },
          "expr": "sum(rate(zeebe_element_instance_events_total{cluster=~\"$cluster\", namespace=~\"$namespace\", pod=~\"$pod\", type!=\"PROCESS\", action!=\"activated\"}[$__rate_interval]))",
          "instant": true,
          "interval": "",
          "legendFormat": "Partition {{partition}} FNI per s",
          "refId": "B"
        }
      ],
      "title": "Overall FNI  per s",
      "type": "stat"
    },
    {
      "aliasColors": {},
      "bars": false,
      "dashLength": 10,
      "dashes": false,
      "datasource": {
        "uid": "$DS_PROMETHEUS"
      },
      "fieldConfig": {
        "defaults": {
          "links": []
        },
        "overrides": []
      },
      "fill": 1,
      "fillGradient": 1,
      "gridPos": {
        "h": 6,
        "w": 8,
        "x": 16,
        "y": 17
      },
      "hiddenSeries": false,
      "id": 270,
      "legend": {
        "alignAsTable": false,
        "avg": false,
        "current": false,
        "hideEmpty": false,
        "hideZero": false,
        "max": false,
        "min": false,
        "rightSide": true,
        "show": false,
        "sideWidth": 250,
        "total": false,
        "values": false
      },
      "lines": true,
      "linewidth": 1,
      "links": [],
      "nullPointMode": "null",
      "options": {
        "alertThreshold": true
      },
      "percentage": false,
      "pluginVersion": "9.5.2",
      "pointradius": 2,
      "points": false,
      "renderer": "flot",
      "seriesOverrides": [],
      "spaceLength": 10,
      "stack": false,
      "steppedLine": false,
      "targets": [
        {
          "datasource": {
            "uid": "$DS_PROMETHEUS"
          },
          "expr": "sum(rate(zeebe_exporter_events_total{cluster=~\"$cluster\", namespace=~\"$namespace\",partition=~\"$partition\",pod=~\"$pod\"}[$__rate_interval])) by (pod, partition, exporter)",
          "format": "time_series",
          "hide": false,
          "interval": "",
          "intervalFactor": 1,
          "legendFormat": "{{pod}}-{{partition}}-exported",
          "refId": "B"
        }
      ],
      "thresholds": [],
      "timeRegions": [],
      "title": "Exporting per Partition",
      "tooltip": {
        "shared": true,
        "sort": 2,
        "value_type": "individual"
      },
      "type": "graph",
      "xaxis": {
        "mode": "time",
        "show": true,
        "values": []
      },
      "yaxes": [
        {
          "format": "short",
          "logBase": 1,
          "min": "0",
          "show": true
        },
        {
          "format": "short",
          "logBase": 1,
          "show": true
        }
      ],
      "yaxis": {
        "align": false
      }
    },
    {
      "datasource": {
        "uid": "$DS_PROMETHEUS"
      },
      "description": "Takes the avg of all completed tasks per second over the given time range.",
      "fieldConfig": {
        "defaults": {
          "color": {
            "mode": "thresholds"
          },
          "mappings": [
            {
              "options": {
                "match": "null",
                "result": {
                  "text": "N/A"
                }
              },
              "type": "special"
            }
          ],
          "thresholds": {
            "mode": "absolute",
            "steps": [
              {
                "color": "green",
                "value": null
              },
              {
                "color": "red",
                "value": 80
              }
            ]
          },
          "unit": "none"
        },
        "overrides": []
      },
      "gridPos": {
        "h": 2,
        "w": 9,
        "x": 7,
        "y": 19
      },
      "id": 118,
      "links": [],
      "maxDataPoints": 100,
      "options": {
        "colorMode": "none",
        "graphMode": "none",
        "justifyMode": "auto",
        "orientation": "horizontal",
        "reduceOptions": {
          "calcs": [
            "mean"
          ],
          "fields": "",
          "values": false
        },
        "textMode": "auto"
      },
      "pluginVersion": "9.5.2",
      "targets": [
        {
          "datasource": {
            "uid": "$DS_PROMETHEUS"
          },
          "expr": "sum(rate(zeebe_element_instance_events_total{cluster=~\"$cluster\", namespace=~\"$namespace\",partition=~\"$partition\",pod=~\"$pod\", action=\"completed\", type=\"SERVICE_TASK\"}[$__rate_interval]))",
          "format": "time_series",
          "intervalFactor": 1,
          "legendFormat": "{{type}} {{action}}",
          "refId": "A"
        }
      ],
      "title": "Completed Tasks in avg overtime per sec",
      "type": "stat"
    },
    {
      "datasource": {
        "uid": "$DS_PROMETHEUS"
      },
      "description": "Takes the avg of all completed processes per second over the given time range.",
      "fieldConfig": {
        "defaults": {
          "color": {
            "mode": "thresholds"
          },
          "mappings": [
            {
              "options": {
                "match": "null",
                "result": {
                  "text": "N/A"
                }
              },
              "type": "special"
            }
          ],
          "thresholds": {
            "mode": "absolute",
            "steps": [
              {
                "color": "green",
                "value": null
              },
              {
                "color": "red",
                "value": 80
              }
            ]
          },
          "unit": "none"
        },
        "overrides": []
      },
      "gridPos": {
        "h": 2,
        "w": 9,
        "x": 7,
        "y": 21
      },
      "id": 117,
      "links": [],
      "maxDataPoints": 100,
      "options": {
        "colorMode": "none",
        "graphMode": "none",
        "justifyMode": "auto",
        "orientation": "horizontal",
        "reduceOptions": {
          "calcs": [
            "mean"
          ],
          "fields": "",
          "values": false
        },
        "textMode": "auto"
      },
      "pluginVersion": "9.5.2",
      "targets": [
        {
          "datasource": {
            "uid": "$DS_PROMETHEUS"
          },
          "expr": "sum(rate(zeebe_element_instance_events_total{cluster=~\"$cluster\", namespace=~\"$namespace\",partition=~\"$partition\",pod=~\"$pod\", action=\"completed\", type=\"PROCESS\"}[$__rate_interval]))",
          "format": "time_series",
          "intervalFactor": 1,
          "legendFormat": "{{type}} {{action}}",
          "refId": "A"
        }
      ],
      "title": "Completed Processes in avg overtime per sec",
      "type": "stat"
    },
    {
      "aliasColors": {},
      "bars": false,
      "dashLength": 10,
      "dashes": false,
      "datasource": {
        "uid": "$DS_PROMETHEUS"
      },
      "fieldConfig": {
        "defaults": {
          "links": []
        },
        "overrides": []
      },
      "fill": 1,
      "fillGradient": 1,
      "gridPos": {
        "h": 6,
        "w": 7,
        "x": 0,
        "y": 23
      },
      "hiddenSeries": false,
      "id": 64,
      "legend": {
        "avg": false,
        "current": false,
        "max": false,
        "min": false,
        "show": false,
        "total": false,
        "values": false
      },
      "lines": true,
      "linewidth": 1,
      "nullPointMode": "null",
      "options": {
        "alertThreshold": true
      },
      "percentage": false,
      "pluginVersion": "9.5.2",
      "pointradius": 2,
      "points": false,
      "renderer": "flot",
      "seriesOverrides": [],
      "spaceLength": 10,
      "stack": false,
      "steppedLine": false,
      "targets": [
        {
          "datasource": {
            "uid": "$DS_PROMETHEUS"
          },
          "expr": "sum by (pod) (rate(container_cpu_usage_seconds_total{job=\"kubelet\", cluster=~\"$cluster\", namespace=~\"$namespace\", image!=\"\", pod_name=~\"$pod\", container_name!=\"POD\"}[$__rate_interval]))",
          "interval": "",
          "legendFormat": "{{pod}}",
          "refId": "A"
        }
      ],
      "thresholds": [
        {
          "colorMode": "critical",
          "fill": true,
          "line": true,
          "op": "gt",
          "value": 7,
          "yaxis": "left"
        }
      ],
      "timeRegions": [],
      "title": "CPU usage",
      "tooltip": {
        "shared": true,
        "sort": 2,
        "value_type": "individual"
      },
      "type": "graph",
      "xaxis": {
        "mode": "time",
        "show": true,
        "values": []
      },
      "yaxes": [
        {
          "format": "short",
          "logBase": 1,
          "show": true
        },
        {
          "format": "short",
          "logBase": 1,
          "show": true
        }
      ],
      "yaxis": {
        "align": false
      }
    },
    {
      "aliasColors": {},
      "bars": false,
      "dashLength": 10,
      "dashes": false,
      "datasource": {
        "uid": "$DS_PROMETHEUS"
      },
      "description": "Shows which requests have hit the gateway and which response have been sent to the client (per second).",
      "fieldConfig": {
        "defaults": {
          "links": []
        },
        "overrides": []
      },
      "fill": 1,
      "fillGradient": 0,
      "gridPos": {
        "h": 6,
        "w": 9,
        "x": 7,
        "y": 23
      },
      "hiddenSeries": false,
      "id": 62,
      "legend": {
        "avg": false,
        "current": false,
        "max": false,
        "min": false,
        "show": false,
        "total": false,
        "values": false
      },
      "lines": true,
      "linewidth": 1,
      "nullPointMode": "null",
      "options": {
        "alertThreshold": true
      },
      "percentage": false,
      "pluginVersion": "9.5.2",
      "pointradius": 2,
      "points": false,
      "renderer": "flot",
      "seriesOverrides": [],
      "spaceLength": 10,
      "stack": false,
      "steppedLine": false,
      "targets": [
        {
          "datasource": {
            "uid": "$DS_PROMETHEUS"
          },
          "expr": "sum(rate(grpc_server_handled_total{cluster=~\"$cluster\", namespace=~\"$namespace\"}[$__rate_interval])) by (grpc_method, code)",
          "format": "time_series",
          "interval": "",
          "intervalFactor": 1,
          "legendFormat": "{{grpc_method}} Request ({{code}})",
          "refId": "A"
        }
      ],
      "thresholds": [],
      "timeRegions": [],
      "title": "Requests handled by Gateway per sec",
      "tooltip": {
        "shared": true,
        "sort": 2,
        "value_type": "individual"
      },
      "type": "graph",
      "xaxis": {
        "mode": "time",
        "show": true,
        "values": []
      },
      "yaxes": [
        {
          "format": "short",
          "logBase": 1,
          "show": true
        },
        {
          "format": "short",
          "logBase": 1,
          "show": true
        }
      ],
      "yaxis": {
        "align": false
      }
    },
    {
      "aliasColors": {},
      "bars": false,
      "dashLength": 10,
      "dashes": false,
      "datasource": {
        "uid": "$DS_PROMETHEUS"
      },
      "description": "Memory limits and requests are taken from the k8 pod metrics.",
      "fieldConfig": {
        "defaults": {
          "links": []
        },
        "overrides": []
      },
      "fill": 1,
      "fillGradient": 0,
      "gridPos": {
        "h": 6,
        "w": 8,
        "x": 16,
        "y": 23
      },
      "hiddenSeries": false,
      "id": 33,
      "legend": {
        "avg": false,
        "current": false,
        "max": false,
        "min": false,
        "rightSide": false,
        "show": false,
        "total": false,
        "values": false
      },
      "lines": true,
      "linewidth": 1,
      "links": [],
      "nullPointMode": "null",
      "options": {
        "alertThreshold": true
      },
      "percentage": false,
      "pluginVersion": "9.5.2",
      "pointradius": 5,
      "points": false,
      "renderer": "flot",
      "seriesOverrides": [
        {
          "alias": "limit",
          "color": "#E02F44",
          "fill": 0,
          "linewidth": 2
        },
        {
          "alias": "request",
          "color": "#56A64B",
          "fill": 0,
          "fillGradient": 0
        }
      ],
      "spaceLength": 10,
      "stack": false,
      "steppedLine": false,
      "targets": [
        {
          "datasource": {
            "uid": "$DS_PROMETHEUS"
          },
          "expr": "container_memory_rss{cluster=~\"$cluster\", namespace=~\"$namespace\",pod=~\"$pod\", container=~\"zeebe.*\"}",
          "format": "time_series",
          "hide": false,
          "interval": "",
          "intervalFactor": 1,
          "legendFormat": "{{pod}} RSS",
          "refId": "A"
        },
        {
          "datasource": {
            "uid": "$DS_PROMETHEUS"
          },
          "expr": "max(kube_pod_container_resource_limits_memory_bytes{cluster=~\"$cluster\", namespace=~\"$namespace\",pod=~\"$pod\", container=~\"zeebe.*\"})",
          "hide": false,
          "interval": "",
          "legendFormat": "limit",
          "refId": "B"
        },
        {
          "datasource": {
            "uid": "$DS_PROMETHEUS"
          },
          "expr": "min(kube_pod_container_resource_requests_memory_bytes{cluster=~\"$cluster\", namespace=~\"$namespace\",pod=~\"$pod\", container=~\"zeebe.*\"})",
          "interval": "",
          "legendFormat": "request",
          "refId": "C"
        }
      ],
      "thresholds": [],
      "timeRegions": [],
      "title": "Process memory usage",
      "tooltip": {
        "shared": true,
        "sort": 2,
        "value_type": "individual"
      },
      "type": "graph",
      "xaxis": {
        "mode": "time",
        "show": true,
        "values": []
      },
      "yaxes": [
        {
          "format": "decbytes",
          "logBase": 1,
          "show": true
        },
        {
          "format": "short",
          "logBase": 1,
          "show": true
        }
      ],
      "yaxis": {
        "align": false
      }
    },
    {
      "aliasColors": {},
      "bars": false,
      "dashLength": 10,
      "dashes": false,
      "datasource": {
        "uid": "$DS_PROMETHEUS"
      },
      "description": "Shows how much disk is used by each elasticsearch node.",
      "editable": true,
      "error": false,
      "fieldConfig": {
        "defaults": {
          "custom": {},
          "links": []
        },
        "overrides": []
      },
      "fill": 1,
      "fillGradient": 0,
      "grid": {},
      "gridPos": {
        "h": 7,
        "w": 11,
        "x": 0,
        "y": 29
      },
      "height": "400",
      "hiddenSeries": false,
      "id": 52,
      "legend": {
        "alignAsTable": true,
        "avg": true,
        "current": true,
        "hideEmpty": false,
        "hideZero": false,
        "max": true,
        "min": true,
        "rightSide": false,
        "show": false,
        "sort": "current",
        "sortDesc": true,
        "total": false,
        "values": true
      },
      "lines": true,
      "linewidth": 1,
      "links": [],
      "nullPointMode": "connected",
      "options": {
        "alertThreshold": true
      },
      "percentage": false,
      "pluginVersion": "7.4.5",
      "pointradius": 5,
      "points": false,
      "renderer": "flot",
      "seriesOverrides": [],
      "spaceLength": 10,
      "stack": false,
      "steppedLine": false,
      "targets": [
        {
          "datasource": {
            "uid": "$DS_PROMETHEUS"
          },
          "expr": "(kubelet_volume_stats_used_bytes{cluster=~\"$cluster\", namespace=~\"$namespace\", persistentvolumeclaim=~\"elastic.*\"} / kubelet_volume_stats_capacity_bytes{cluster=~\"$cluster\", namespace=~\"$namespace\", persistentvolumeclaim=~\"elastic.*\"})",
          "legendFormat": "{{persistentvolumeclaim}}",
          "refId": "B"
        }
      ],
      "thresholds": [
        {
          "colorMode": "custom",
          "fill": true,
          "fillColor": "rgba(216, 200, 27, 0.27)",
          "op": "gt",
          "value": 0.8
        },
        {
          "colorMode": "custom",
          "fill": true,
          "fillColor": "rgba(234, 112, 112, 0.22)",
          "op": "gt",
          "value": 0.9
        }
      ],
      "timeRegions": [],
      "title": "Elasticsearch Disk Usage",
      "tooltip": {
        "msResolution": false,
        "shared": true,
        "sort": 2,
        "value_type": "cumulative"
      },
      "type": "graph",
      "xaxis": {
        "mode": "time",
        "show": true,
        "values": []
      },
      "yaxes": [
        {
          "format": "percentunit",
          "label": "Disk Usage %",
          "logBase": 1,
          "max": 1,
          "min": 0,
          "show": true
        },
        {
          "format": "short",
          "logBase": 1,
          "show": false
        }
      ],
      "yaxis": {
        "align": false
      }
    },
    {
      "aliasColors": {},
      "bars": false,
      "dashLength": 10,
      "dashes": false,
      "datasource": {
        "uid": "$DS_PROMETHEUS"
      },
      "description": "Shows how much disk is used by each broker.",
      "fieldConfig": {
        "defaults": {
          "custom": {},
          "links": []
        },
        "overrides": []
      },
      "fill": 1,
      "fillGradient": 0,
      "gridPos": {
        "h": 7,
        "w": 13,
        "x": 11,
        "y": 29
      },
      "hiddenSeries": false,
      "id": 39,
      "legend": {
        "avg": false,
        "current": false,
        "max": false,
        "min": false,
        "show": false,
        "total": false,
        "values": false
      },
      "lines": true,
      "linewidth": 1,
      "links": [],
      "nullPointMode": "null",
      "options": {
        "alertThreshold": true
      },
      "percentage": false,
      "pluginVersion": "7.4.5",
      "pointradius": 5,
      "points": false,
      "renderer": "flot",
      "seriesOverrides": [],
      "spaceLength": 10,
      "stack": false,
      "steppedLine": false,
      "targets": [
        {
          "datasource": {
            "uid": "$DS_PROMETHEUS"
          },
          "expr": "(kubelet_volume_stats_used_bytes{cluster=~\"$cluster\", namespace=~\"$namespace\", persistentvolumeclaim=~\".*zeebe.*\"} / kubelet_volume_stats_capacity_bytes{cluster=~\"$cluster\", namespace=~\"$namespace\", persistentvolumeclaim=~\".*zeebe.*\"})",
          "legendFormat": "{{persistentvolumeclaim}}",
          "refId": "B"
        }
      ],
      "thresholds": [
        {
          "colorMode": "critical",
          "fill": true,
          "line": true,
          "op": "gt",
          "value": 0.8,
          "yaxis": "left"
        }
      ],
      "timeRegions": [],
      "title": "Zeebe Broker Disk usage",
      "tooltip": {
        "shared": true,
        "sort": 2,
        "value_type": "individual"
      },
      "type": "graph",
      "xaxis": {
        "mode": "time",
        "show": true,
        "values": []
      },
      "yaxes": [
        {
          "format": "percentunit",
          "logBase": 1,
          "max": "1",
          "min": "0",
          "show": true
        },
        {
          "format": "short",
          "logBase": 1,
          "show": true
        }
      ],
      "yaxis": {
        "align": false
      }
    }
  ],
  "refresh": "10s",
  "schemaVersion": 38,
  "style": "dark",
  "tags": [],
  "templating": {
    "list": [
      {
        "current": {
          "selected": false,
          "text": "Prometheus",
          "value": "Prometheus"
        },
        "hide": 0,
        "includeAll": false,
        "label": "datasource",
        "multi": false,
        "name": "DS_PROMETHEUS",
        "options": [],
        "query": "prometheus",
        "refresh": 1,
        "regex": "",
        "skipUrlSync": false,
        "type": "datasource"
      },
      {
        "allValue": ".*",
        "current": {},
        "datasource": {
          "type": "prometheus",
          "uid": "${DS_PROMETHEUS}"
        },
        "definition": "label_values(atomix_role, cluster)",
        "description": "Kubernetes cluster",
        "hide": 0,
        "includeAll": true,
        "multi": false,
        "name": "cluster",
        "options": [],
        "query": {
          "query": "label_values(atomix_role, cluster)",
          "refId": "Prometheus-cluster-Variable-Query"
        },
        "refresh": 2,
        "regex": "",
        "skipUrlSync": false,
        "sort": 1,
        "tagValuesQuery": "",
        "tagsQuery": "",
        "type": "query",
        "useTags": false
      },
      {
        "allValue": ".*",
        "current": {},
        "datasource": {
          "type": "prometheus",
          "uid": "${DS_PROMETHEUS}"
        },
        "definition": "label_values(atomix_role{cluster=~\"$cluster\"}, namespace)",
        "hide": 0,
        "includeAll": true,
        "multi": false,
        "name": "namespace",
        "options": [],
        "query": {
          "query": "label_values(atomix_role{cluster=~\"$cluster\"}, namespace)",
          "refId": "Prometheus-namespace-Variable-Query"
        },
        "refresh": 2,
        "regex": "",
        "skipUrlSync": false,
        "sort": 1,
        "tagValuesQuery": "",
        "tagsQuery": "",
        "type": "query",
        "useTags": false
      },
      {
        "allValue": ".*",
        "current": {},
        "datasource": {
          "type": "prometheus",
          "uid": "${DS_PROMETHEUS}"
        },
        "definition": "label_values(atomix_role{cluster=~\"$cluster\", namespace=~\"$namespace\"}, pod)",
        "hide": 0,
        "includeAll": true,
        "multi": true,
        "name": "pod",
        "options": [],
        "query": {
          "query": "label_values(atomix_role{cluster=~\"$cluster\", namespace=~\"$namespace\"}, pod)",
          "refId": "Prometheus-pod-Variable-Query"
        },
        "refresh": 2,
        "regex": "",
        "skipUrlSync": false,
        "sort": 1,
        "tagValuesQuery": "",
        "tagsQuery": "",
        "type": "query",
        "useTags": false
      },
      {
        "allValue": ".*",
        "current": {},
        "datasource": {
          "type": "prometheus",
          "uid": "${DS_PROMETHEUS}"
        },
        "definition": "label_values(atomix_role{cluster=~\"$cluster\", namespace=~\"$namespace\", pod=~\"$pod\"}, partition)",
        "hide": 0,
        "includeAll": true,
        "multi": true,
        "name": "partition",
        "options": [],
        "query": {
          "query": "label_values(atomix_role{cluster=~\"$cluster\", namespace=~\"$namespace\", pod=~\"$pod\"}, partition)",
          "refId": "Prometheus-partition-Variable-Query"
        },
        "refresh": 2,
        "regex": "",
        "skipUrlSync": false,
        "sort": 1,
        "tagValuesQuery": "",
        "tagsQuery": "",
        "type": "query",
        "useTags": false
      }
    ]
  },
  "time": {
    "from": "now-15m",
    "to": "now"
  },
  "timepicker": {
    "refresh_intervals": [
      "10s",
      "30s",
      "1m",
      "5m",
      "15m",
      "30m",
      "1h",
      "2h",
      "1d"
    ],
    "time_options": [
      "5m",
      "15m",
      "1h",
      "6h",
      "12h",
      "24h",
      "2d",
      "7d",
      "30d"
    ]
  },
  "timezone": "",
  "title": "Zeebe Overview",
  "uid": "zeebe-overview",
  "version": 2,
  "weekStart": ""
}
